audit_id,system_short,system_id,lang,id,question,question_en,reference_answer,answer_en,model_answer,mprometheus_label,mprometheus_feedback,wikititle,retrieved_titles,context_snippet,manual_label,manual_confidence,manual_notes
A001,embedding_qwen3_30b_top10,embedding_rag_qwen3_30b_a3b_e5_full_dev_retrieval_top10,cs,42,Kdo byl režisérem filmu Cesta do hlubin študákovy duše?,Who was the director of the movie Journey to the depths of a student's soul?,Martin Frič.,Martin Frič.,Režisérem filmu *Cesta do hlubin študákovy duše* byl Martin Frič.,CORRECT,"The model answer correctly identifies Martin Frič as the director of the film ""Cesta do hlubin študákovy duše."" It includes the title of the film with proper formatting and provides the correct information without any contradictions or additional irrelevant details. The answer is concise and directly addresses the question asked, which was to identify the director of the specified film. Therefore, based on the scoring rubric criteria, the model answer meets all the requirements for being marked as correct.",Cesta_do_hlubin_študákovy_duše,1:Cesta do hlubin študákovy duše (0.869) | 2:Školní výlet (0.837) | 3:Pražský student (0.829) | 4:Studentský Oscar (0.825) | 5:Cesta do hlubin kočičí duše (0.823),"Cesta do hlubin študákovy duše: # Cesta do hlubin študákovy duše Cesta do hlubin študákovy duše je česká filmová komedie. V roce 1939 ji natočil režisér Martin Frič podle stejnojmenné knižní předlohy Jaroslava Žáka. Film ukazuje komické příhody vyplývající z různosti studentů (Ladislav Pešek, Rudolf Hrušínský, František Filipovský, Richard Strejka, Vladimír Salač), jejich zájmů… || Školní výlet: # Školní výlet Školní výlet je český film režiséra Petra Šíchy z roku 2012, který pojednává o partě spolužáků, kteří jsou pozváni na pobyt do lázní. Při tomto pobytu však zažívají mnoho peripetií, vtipných situací i osobních dramat. Souběžně s tím se odehrává příběh mladého zlodějíčka (hraje ho Jan…",,,
A002,oracle_qwen3_30b,oracle_full_dev_qwen3_30b_a3b,uk,254,"Із якою подією зв'язано термін ""Зелені чоловічки""?",What event is the term ‘Little Green Men’ associated with?,Анексією Криму у 2014 році,The annexation of Crimea in 2014,"Термін ""Зелені чоловічки"" зв'язаний із російським вторгненням в Україну у 2014 році.",CORRECT,"The model answer provides the correct historical event that the term ""Green Men"" is associated with - the Russian invasion of Ukraine in 2014. It includes the key elements of the reference answer: the year (2014) and the event (Russian invasion). The additional phrase ""вторгнення"" (invasion) is a synonym for ""анексія"" (annexation), which is acceptable as per the scoring rubric's allowance for equivalent wording. The model answer does not contain any contradictions or irrelevant information, and it directly addresses the question asked about the connection between the term and a specific event. Therefore, based on these criteria, the model answer is semantically correct.",Зелені_чоловічки,1:Зелені чоловічки (0.044),"Зелені чоловічки: «Зеле́ні чолові́чки», у російському медіапросторі переважно «ввічливі люди» (рос. вежливые люди) — інтернет-мем, кліше російської пропаганди для позначення окупаційних військ, які висадилися в Криму без розпізнавальних знаків та жартівливо-іронічна назва російських військових без відзнак на одязі та техніці, які у складі спецпідрозділів проводили…",,,
A003,embedding_llama31_8b_top10,embedding_rag_llama31_8b_e5_full_dev_retrieval_top10,uk,357,Чи писав Саксаганський Панас Карпович літературні твори?,Did Saksagansky Panas Karpovich write literary works?,"Так. Він був автором комедій «Лицеміри» (1908) та «Шантрапа» (1914), спогадів «По шляху життя» (1935) і ряду статей з акторської майстерності.","Yes. He was the author of the comedies ""Hypocrites"" (1908) and ""Shantrap"" (1914), the memoirs ""On the Path of Life"" (1935), and a number of articles on acting.","Чи писав Саксаганський Панас Карпович літературні твори? Так, він був автором комедій: «Лицеміри» (1908) та «Шантрапа» (1914), а також спогадів «По шлях",CORRECT,"The model answer provides the same key information as the reference answer, including the author's name, the titles of his works, and their publication years. It correctly identifies that Saksagansky wrote literary works, specifically mentioning comedies and memoirs. The answer includes the exact titles ""Лицеміри"" and ""Шантрапа"" with their respective publication dates, which matches the reference perfectly. The answer also maintains the logical flow of the question-answer format, starting with the question and then providing the affirmative answer followed by specific details about the author's works. There are no contradictions or omissions, and the additional context about memoirs doesn't…",Саксаганський_Панас_Карпович,1:Саксаганський Панас Карпович (0.843) | 2:Саксаганський Панас Карпович (0.838) | 3:Панас Саксаганський (монета) (0.825) | 4:Саксаганський Панас Карпович (0.818) | 5:Мушкетик Юрій Михайлович (0.817),"Саксаганський Панас Карпович: артистів». Впродовж 1910–1915 рр. гастролював у турах Т. Колесниченка та ін. З 1912 до 1940 року Саксаганський проживав у Києві в будинку на вулиці Жилянській, 96. У 1915–1916 роках працював у Товаристві українських акторів під орудою Івана Мар'яненка, з 1916 р. — у Товаристві Українських Акторів. 1918 року очолював Державний народний театр, який… || Саксаганський Панас Карпович: # Саксаганський Панас Карпович Пана́с Ка́рпович Саксага́нський (справжнє прізвище — Тобілевич; 15 (27) травня 1859, Кам'яно-Костувате на Херсонщині, тепер Миколаївська область — 17 вересня 1940, Київ) — визначний український актор, режисер, драматург і педагог школи Марка Кропивницьког…",,,
A004,oracle_qwen3_30b,oracle_full_dev_qwen3_30b_a3b,sk,477,Ktorý slovenský kraj ako jediný susedí s tromi krajinami?,Which Slovak region is the only one bordering three countries?,"Trnavský kraj ako jediný hraničí s tromi krajinami - Českom, Rakúskom a Mad'arskom.","The Trnava Region is the only one bordering three countries - the Czech Republic, Austria and Hungary.",Trnavský kraj.,INCORRECT,"The model's answer is correct in identifying Trnavský kraj as the only Slovak region bordering three countries. However, it lacks the additional information about which specific countries it borders with - Českom, Rakúskom, and Mad'arskom. While the model's answer is factually accurate regarding the region itself, it doesn't provide the full scope of the question asked, which includes the names of the neighboring countries. This omission makes the answer incomplete according to the scoring rubric, which requires the answer to contain all required facts. So the overall score is:",Trnavský_kraj,1:Trnavský kraj (0.161) | 2:Trnavský kraj (0.095) | 3:Trnavský kraj (0.081) | 4:Trnavský kraj (0.036),"Trnavský kraj: Trnavský kraj je kraj na západe Slovenska. Na západe susedí s Bratislavským krajom, na východe s Trenčianskym a Nitrianskym krajom, na severe s Českom (Juhomoravský kraj), Rakúskom (Dolné Rakúsko) a na juhu s Maďarskom (Rábsko-mošonsko-šopronská župa). Ako jediný kraj na Slovensku susedí s 3 štátmi. Má rozlohu 4 146,29 km² a k 31. 12. 2025 tu žilo… || Trnavský kraj: pre priemysel dodáva Jadrová elektráreň v Jaslovských Bohuniciach v okresoch Trnava, Hlohovec a Piešťany a vodná elektráreň v Gabčíkove, ktoré majú celoslovenský význam. V priemysle dominuje výroba osobných automobilov a elektrotechnická výroba, zastúpená najväčšmi závodmi Groupe PSA Slovakia (Peugeot-Citroen) a S…",,,
A005,embedding_qwen3_30b_top10,embedding_rag_qwen3_30b_a3b_e5_full_dev_retrieval_top10,sk,154,Ako sa volá najvyšší vrch Belianskych Tatier?,What is the name of the highest peak of the Beliany Tatras?,Havran,Havran,Najvyšší vrch Belianskych Tatier sa volá Havran.,CORRECT,"The model answer correctly identifies ""Havran"" as the name of the highest peak in the Belianske Tatry mountains, which aligns with the reference answer. The model's response includes the necessary information without any contradictions or additional irrelevant details that would make it incorrect. It maintains the semantic accuracy of the original question and provides the exact factual answer requested. Therefore, based on the scoring rubric criteria, the model answer meets all the requirements for correctness.",Havran_(vrch_v_Tatrách),1:Belianske Tatry (0.881) | 2:Bujačí vrch (Belianske Tatry) (0.867) | 3:Belianske Tatry (0.864) | 4:Havran (vrch v Tatrách) (0.863) | 5:Belianska kopa (0.862),"Belianske Tatry: # Belianske Tatry Belianske Tatry, v minulosti Belanské Tatry, Belanské Alpy, Belské Alpy, Belanské Vápencové Alpy, Ždiarske Tatry, Belské hole (poľ. Tatry Bielskie, nem. Kalkalpen, Bélaer Kalkalpen, Béler Tatra, maď. Bélai-havasok, Bélai Mészhavasok, Bélai Mészhegység, Bélai-Tátra) sú horské pásmo Východných Tatier na severozápade východného Slov… || Bujačí vrch (Belianske Tatry): # Bujačí vrch (Belianske Tatry) Bujačí vrch (1 946,9 m n. m.) je vrch Belianskych Tatier. Leží nad obcou Ždiar, približne 15 km severozápadne od Kežmarku. Nie je turisticky prístupný. ## Poloha Nachádza sa vo východnej časti pohoria, v geomorfologickom podcelku Východné Tatry a časti Belianske Ta…",,,
A006,oracle_qwen3_30b,oracle_full_dev_qwen3_30b_a3b,cs,151,"Který internetový slovník, založení Martinem Kavkou, shromažďuje nové české výrazy a novotvary?","What online dictionary, founded by Martin Kavka, collects new Czech expressions and new words?",Čeština 2.0.,Čeština 2.0.,Čeština 2.0,CORRECT,"The model's answer is completely correct as it identifies ""Čeština 2.0"" as the internet dictionary founded by Martin Kavka that collects new Czech expressions and neologisms. The answer directly addresses all elements of the question without any contradictions or omissions. It provides the exact name of the dictionary, acknowledges its founder, and specifies its purpose, which aligns perfectly with the information sought in the question. There is no need to penalize the answer for including the dictionary's name alone, as it fully satisfies the requirements of the question. So the overall score is:",Martin_Kavka,1:Martin Kavka (0.259),"Martin Kavka: Martin Kavka (* 12. července 1977, Ostrava) je novinář, copywriter a copyeditor. V roce 2008 založil internetový slovník Čeština 2.0, který shromažďuje nové, neotřelé a zajímavé výrazy a novotvary. Společně s lexikografem Michalem Škrabalem je autorem knihy Hacknutá čeština: Neortodoxní slovník dnešní mateřštiny vydané v roce 2018. == Život a kari…",,,
A007,oracle_qwen3_30b,oracle_full_dev_qwen3_30b_a3b,sk,457,V ktorom slovenskom meste pôsobí umelec Rastislav Podoba?,In which Slovak city is the artist Rastislav Podoba based?,V Banskej Bystrici.,In Banská Bystrica.,Rastislav Podoba pôsobí v Banskej Bystrici.,CORRECT,"The model answer correctly identifies that Rastislav Podoba works in Banská Bystrica, which matches the information provided in the reference answer. The answer is concise and directly addresses the question without any contradictions or additional irrelevant details. It uses the correct name of the city and maintains the same factual content as the reference. Therefore, based on the scoring rubric criteria, the model answer is semantically correct and provides the required information without any errors or omissions.",Rastislav_Podoba,1:Rastislav Podoba (0.215) | 2:Rastislav Podoba (0.115) | 3:Rastislav Podoba (0.071) | 4:Rastislav Podoba (0.064) | 5:Rastislav Podoba (0.032),"Rastislav Podoba: Doc. Mgr. art. Rastislav Podoba, ArtD. (* 11. október 1975, Bánovce nad Bebravou) je slovenský maliar. == Životopis == Rastislav Podoba žije a tvorí v Banskej Bystrici. V rokoch 1990 – 1994 študoval na Škole úžitkového výtvarníctva Josefa Vydru v Bratislave a neskôr, v rokoch 1996 – 2002 študoval na Vysokej škole výtvarných umení v Bratislave v at… || Rastislav Podoba: a jedným z troch ocenených Ceny Nadácie NOVUM. == Samostatné výstavy == 2023 Rastislav Podoba - Čas nasýtený vodou, Pistoriho palác, Bratislava, Slovensko 2022 Rastislav Podoba - Malý obraz lesa, Tatranská galéria Poprad, Vila Flóra, Starý Smokovec, Slovensko 2021 Rastislav Podoba - Soil, Atelier Loft, Nová…",,,
A008,embedding_qwen3_30b_top10,embedding_rag_qwen3_30b_a3b_e5_full_dev_retrieval_top10,cs,328,Které město na severu Čech bylo těžce postiženo americkými nálety na konci II. světové války a érou rozsáhlých demolic a přestaveb během komunistického režimu?,Which town in northern Bohemia was badly affected by the American air raids at the end of World War II and the era of extensive demolitions and rebuilding during the communist regime?,Ústí nad Labem,Usti nad Labem,Kralupy nad Vltavou,INCORRECT,"The model's answer of ""Kralupy nad Vltavou"" is incorrect because it refers to a different city than the one that was heavily damaged by American bombings during World War II and the period of extensive demolitions and renovations under communist rule. The reference answer correctly identifies ""Ústí nad Labem"" as the city that fits these historical events. The model's answer does not contain any of the required facts about the bombing, the era of demolitions, or the communist regime. It provides a completely different location without any connection to the historical context asked in the question. So the overall score is:",Seznam_památek_v_Ústí_nad_Labem,1:Praha (0.833) | 2:Uherské Hradiště (0.831) | 3:Oběti nacistického Německa v Československu (0.831) | 4:Dějiny Plzně (0.830) | 5:Karlovy Vary (0.827),"Praha: kubistická – jedině v Praze přešel kubismus z malířských pláten do architektury (Pavel Janák, Josef Gočár, Josef Chochol), ambiciózním plánem bylo založení kubistického sídliště na Vyšehradě. ### Druhá světová válka Od 15. března 1939 byla Praha hlavním městem Protektorátu Čechy a Morava. Kulturní život byl ochromen; po incidentu, jehož obětí byl… || Uherské Hradiště: kultury, a nevzhledná „Výšková budova policie“ na Velehradské třídě, která musela být po oproti svému plánu snížena rozdělením na dvě části. Celý návrh vypracovalo projekční oddělení vojenských staveb.[27] Rok 1984 poznamenala tragédie v národním podniku MESIT, kde zřícení části výrobní haly a třípatrové budovy uvěznilo…",,,
A009,embedding_tiny_aya_water_top5,embedding_rag_tiny_aya_water_e5_full_dev_retrieval_top5,sk,22,Koľko fakúlt má Vysoká škola múzických umení v Bratislave?,How many faculties does the Academy of Performing Arts in Bratislava have?,tri,three,"Vysoká škola múzických umení v Bratislave má tri fakulty: Divadelnú fakultu, Hudobnú a tanečnú fakultu a Filmovú a televíznu fakultu.",CORRECT,"The model answer provides the correct number of faculties at the Academy of Music and Performing Arts in Bratislava, which is three. It goes beyond the basic requirement by listing the specific faculties, including the Theatre faculty, Music faculty, Dance faculty, and Film and Television faculty. This additional information, while informative, does not detract from the accuracy of the core answer regarding the total number of faculties. The answer adheres to the scoring rubric's allowance for paraphrasing and harmless extra details, as it doesn't contradict the reference or introduce any incorrect information. Therefore, despite the extra context provided, the answer remains semantically c…",Vysoká_škola_múzických_umení_v_Bratislave,1:Vysoká škola múzických umení v Bratislave (0.900) | 2:Divadelná fakulta Vysokej školy múzických umení v Bratislave (0.848) | 3:Vysoká škola výtvarných umení v Bratislave (0.846) | 4:Akademie múzických umění v Praze (0.845) | 5:Filmová a televízna fakulta Vysokej školy múzických umení v Bratislave (0.845),"Vysoká škola múzických umení v Bratislave: # Vysoká škola múzických umení v Bratislave Súradnice: 48°08′33″S 17°06′23″V﻿ / ﻿48,142534°S 17,106324°V Vysoká škola múzických umení v Bratislave (VŠMU) je vysoká škola, ktorá na svojich fakultách vychováva odborníkov v oblastiach divadla, bábkarstva, hudby, tanca, filmu a televíznej tvorby. Bola založená v roku 1949 v Bratislave a nadviazala na… || Divadelná fakulta Vysokej školy múzických umení v Bratislave: # Divadelná fakulta Vysokej školy múzických umení v Bratislave Divadelná fakulta Vysokej školy múzických umení (skr. DF VŠMU) je jednou z troch fakúlt VŠMU v Bratislave. Založená bola v roku 1949. V rokoch 1990 až 2004 niesla meno Činoherná…",,,
A010,oracle_qwen3_30b,oracle_full_dev_qwen3_30b_a3b,cs,294,Pomník kterého českého básníka je na Petříně?,The monument of which Czech poet is on Petřín?,Pomník Karla Hynka Máchy.,Monument to Karel Hynek Mácha.,Pomník Františka Němce je na Petříně.,INCORRECT,"The model's answer is incorrect because it provides information about a different poet, František Němec, instead of Karl Hynka Macha, who is the correct answer to the question. While the model includes the location ""Petříně,"" which is correct, the name of the poet is wrong. This omission of the correct poet's name makes the answer factually incorrect. Therefore, according to the scoring rubric, the model answer should be marked as INCORRECT due to providing a contradictory fact.",Petřínská_rozhledna,1:Petřínská rozhledna (0.186) | 2:Petřínská rozhledna (0.161) | 3:Petřínská rozhledna (0.154),"Petřínská rozhledna: Petřínské rozhledny skončilo v roce 1992 po zprovoznění Žižkovské televizní věže. Stále je v provozu FM rozhlasové vysílání (Evropa 2, ČRo Dvojka, RFI). Generální rekonstrukce rozhledny proběhla v letech 1999 až 2002 a přinesla také obnovení výtahu a zpřístupnění věže návštěvníkům na invalidním vozíku. Od roku 2020 je Petřínská rozhledna ve správě… || Petřínská rozhledna: uskutečněna první jízda. Trasa lanové dráhy dlouhá necelých čtyři sta metrů tehdy končila nad Nebozízkem. Jubilejní výstava v roce 1891 byla původně plánována jako všeobecná zemská výstava, avšak mnozí němečtí podnikatelé v Čechách se ji rozhodli bojkotovat. Stala se tedy přehlídkou rozvoje a vyspělost…",,,
A011,oracle_qwen3_30b,oracle_full_dev_qwen3_30b_a3b,cs,28,Kteří dva herci jsou v hlavních rolích ve filmu Štěstí?,Which two actors are in the lead roles in the movie Štěstí?,Tatiana Vilhelmová a Pavel Liška.,Tatiana Vilhelmová a Pavel Liška.,Hlavní role ve filmu Štěstí (1965) sehráli Jean-Claude Drouot a Anna Karina.,INCORRECT,"The model's answer provides incorrect names of the actors who played the main roles in the film ""Štěstí"". The reference answer correctly identifies Tatiana Vilhelmová and Pavel Liška as the main actors, while the model incorrectly states that Jean-Claude Drouot and Anna Karina were the main actors. Additionally, the model includes an unnecessary detail about the year of the film, which doesn't affect the correctness of the answer but is irrelevant to the question asked. So the overall score is:",Štěstí_(film),1:Štěstí (rozcestník) (0.158),"Štěstí (rozcestník): Štěstí může znamenat: Štěstí – vnitřní pocit radostného a více méně trvalého vyplnění Štěstí (film, 1965) – francouzský film režisérky Agnès Vardy z roku 1965 Štěstí (film, 1973) – československý televizní film režiséra Jiřího Bělky z roku 1973 Štěstí (film, 1999) – americký film režiséra Todda Solondze z roku 1998 Štěstí (film, 2003) – kanadský f…",,,
A012,embedding_tiny_aya_water_top5,embedding_rag_tiny_aya_water_e5_full_dev_retrieval_top5,cs,512,Jaké je sídlo Západočeského kraje?,What is the capital of the West Bohemian Region?,Plzeň.,Plzeň,Sídlem Západočeského kraje byla Plzeň.,CORRECT,"The model's answer includes the correct factual information that Plzeň is the seat of the Západočeský kraj (South Bohemian Region). It provides the same essential information as the reference answer but adds the word ""byla,"" which indicates a past tense, though this doesn't change the core fact being stated. The addition of ""byla"" is a harmless extra detail that doesn't affect the correctness of the answer. Therefore, the model's answer meets the criteria for being marked as correct according to the rubric, as it contains the required entity without omitting any facts or introducing contradictions.",Západočeský_kraj,1:Západočeský kraj (0.871) | 2:Východočeský kraj (0.840) | 3:Západočeský seniorát (0.837) | 4:Západoslovenský kraj (0.830) | 5:Severočeský kraj (0.830),"Západočeský kraj: # Západočeský kraj Západočeský kraj je jedním z bývalých krajů Československa. Byl vytvořen 11. dubna 1960 zákonem o územním členění státu. Sídlem kraje byla Plzeň. Název kraje byl odvozen od jeho zeměpisné polohy v západní části Čech. Západočeský kraj zanikl 1. ledna 2021 nabytím účinnosti nového zákona o územně správním členění státu. Západočesk… || Východočeský kraj: # Východočeský kraj Východočeský kraj je bývalá správní jednotka Československa. Po zrušení krajských národních výborů v roce 1990 zůstal pouze jednotkou územního členění. V roce 2000 na jeho území vznikl Královéhradecký kraj, Pardubický kraj, část Libereckého kraje a část kraje Vysočina. S koncem roku 2020…",,,
A013,embedding_tiny_aya_water_top5,embedding_rag_tiny_aya_water_e5_full_dev_retrieval_top5,uk,362,За що був ув'язнений Сергій Корольов?,What was Sergei Korolev imprisoned for?,Сергій Корольов був ув'язнений за підозрою співучасті у контрреволюційній троцькістськії організації всередині РНДІ.,Sergei Korolev was imprisoned on suspicion of complicity in a counter-revolutionary Trotskyist organization within the RNDI.,Сергій Корольов був ув'язнений за державну зраду.,INCORRECT,"The model's answer is incorrect because it provides a different reason for Sergey Korolyov's imprisonment than what was stated in the reference. While the reference specifies that he was imprisoned for suspected participation in a counter-revolutionary Trotskyist organization within the NKVD, the model answer incorrectly states that he was imprisoned for treason. This is a significant deviation from the actual historical facts and therefore cannot be considered correct. So the overall score is:",Корольов_Сергій_Павлович,1:Царьов Олег Анатолійович (0.825) | 2:Лошкарьов Сергій Леонідович (0.823) | 3:Зора Корольов (0.821) | 4:Клюєв Сергій Борисович (0.818) | 5:Корольов Ігор Борисович (0.818),"Царьов Олег Анатолійович: і не повернула до МЗС паспортний документ у передбачений законодавством термін». 23 вересня 2015 року СБУ викликала на допит Царьова, повістку було опубліковано на сайті СБУ. Царьова викликали як підозрюваного, проте в повістці не зазначено як підозрюваний за якою статтею Кримінального кодексу України. 30 жовтня Шевченківський районний суд Києва в… || Лошкарьов Сергій Леонідович: # Лошкарьов Сергій Леонідович Лошкарьов Сергій Леонідович (рос. Лошкарёв Сергей Леонидович; нар. 5 грудня 1983, Новочеркаськ, Ростовська область) — козацький та екологічний активіст з міста Новочеркаська. Відомий також під псевдонімами Ажинов та Білогвардієць. ## Діяльність Був одним з най…",,,
A014,oracle_qwen3_30b,oracle_full_dev_qwen3_30b_a3b,uk,294,Хто є найбільшим оператором фіксованого зв'язку в Україні?,Who is the largest fixed-line operator in Ukraine?,Укртелеком,Ukrtelecom,Найбільшим оператором фіксованого зв'язку в Україні є «Укртелеком».,CORRECT,"The model answer correctly identifies ""Укртелеком"" as the largest fixed-line telecommunications operator in Ukraine, which aligns with the reference answer. The answer includes all necessary information without any contradictions or vagueness. It uses the proper name of the company and provides the correct context regarding its role in the Ukrainian telecommunications market. The addition of quotation marks around the company name is a minor stylistic choice that doesn't affect the semantic correctness of the answer. So the overall score is:",Укртелеком,1:Укртелеком (0.141) | 2:Укртелеком (0.092) | 3:Укртелеком (0.062) | 4:Укртелеком (0.060) | 5:Укртелеком (0.056),"Укртелеком: |стиль_картки= |footnotes= «Укртелеко́м» (ПФТС: UTLM, Українська біржа: UTLM) — українська телекомунікаційна компанія на ринку комплексних послуг, найбільший в країні оператор фіксованого зв'язку. Компанія надає практично всі види сучасних телекомунікаційних послуг — телефонний зв'язок; доступ до Інтернету; інтерактивне телебачення. == Діяльність… || Укртелеком: а по кількості переданих площ в оренді більше ніж 530 тис м2 вийшли на рівень, котрий перевищив обсяг до початку повномасштабного вторгнення. == Зарядні станції == Новим напрямком діяльності АТ «Укртелеком» стало відкриття станцій зарядки електромобілів у співпраці з мережею електричних зарядних станцій «IONITY». Проєкт…",,,
A015,embedding_tiny_aya_water_top5,embedding_rag_tiny_aya_water_e5_full_dev_retrieval_top5,uk,313,Яка рослина є символом Київа?,What plant is the symbol of Kyiv?,Дерево каштану,Chestnut tree,"Символом Києва є Архангел Михаїл із вогняним мечем та щитом, на якому є хрест.",INCORRECT,"The model's answer is incorrect because it provides information about the symbol of Kyiv that is not related to a plant. While it mentions a symbol of Kyiv (the Archangel Michael), it fails to mention the actual plant that is the symbol of the city, which is the oak tree (каштан). The answer introduces an entirely unrelated element (the Archangel) and thus does not provide the correct factual information requested in the question. So the overall score is:",Київ,1:Герб Києва (0.842) | 2:Київ (0.840) | 3:Перелік символів Києва (0.839) | 4:Київська міська виставка квітів (0.839) | 5:Офіційний перелік регіонально рідкісних рослин Києва (0.838),"Герб Києва: # Герб Києва Герб Ки́єва — геральдичний символ столиці України міста Києва. Чинний герб міста був затвержений та встановлений на фасаді будинку мерії 1995 року. На гербі Києва зображений срібний Архангел Михаїл із вогняним мечем та щитом, на якому є хрест, на синьому давньоруському (варязькому) щиті. Меч символізує захист, золотий хрест — символ с… || Київ: час була неофіційним народним гімном. Під час святкування Дня Києва 30 травня 2015 року на Софійській площі близько 3 тисяч учасників разом із міським головою Віталієм Кличком взяли участь у встановленні всеукраїнського рекорду із наймасовішого виконання цієї пісні. Також Києву присвячена «Пісня про Київ» заслуженого артиста…",,,
A016,embedding_qwen3_30b_top10,embedding_rag_qwen3_30b_a3b_e5_full_dev_retrieval_top10,uk,202,Чому Затишний проїзд у Житомирі назвали саме так?,Why was Zatyshnyi Passage in Zhytomyr named this way?,Тому що поряд знаходиться хутор Затишшя.,Because the Zatyshshia farm is located nearby.,"Затишний проїзд у Житомирі назвали саме так, тому що він виник і почав забудовуватися неподалік хутора Затишшя.",CORRECT,"The model answer provides a complete explanation for why Zatishnyi Proezd in Zhytomyr was named that way, mentioning its proximity to the village of Zatishya. This directly addresses the question asked without any contradictions or vagueness. The additional information about the road's development and construction is relevant but not essential to the core answer. The answer includes all the necessary elements from the reference (the name of the street, the city, and the reason for the name) while providing a more detailed context. So the overall score is:",Затишний_проїзд_(Житомир),1:Затишний проїзд (Житомир) (0.920) | 2:Тихий проїзд (Житомир) (0.883) | 3:Тихий провулок (Житомир) (0.875) | 4:Радомишльський проїзд (Житомир) (0.867) | 5:Зручний проїзд (Житомир) (0.867),"Затишний проїзд (Житомир): # Затишний проїзд (Житомир) Затишний проїзд — проїзд в Корольовському районі міста Житомир. ## Розташування Знаходиться на теренах Смоківки — Мар'янівки, неподалік хутора Затишшя. З'єднує Мар'янівську вулицю з 5-ю Мар'янівською лінією. ## Історія Рішенням Житомирського міськвиконкому № 309 від 29 вересня 1989 року проїзду в новому масиві на Мар'ян… || Тихий проїзд (Житомир): # Тихий проїзд (Житомир) Тихий проїзд — проїзд в Корольовському районі міста Житомира. ## Характеристики Знаходиться на Путятинці. Бере початок з вулиці Івана Мазепи. Г-подібний на плані. Прямує на північний схід, затим повертає на північний захід. Завершується виходом до вулиці Корольова. Заб…",,,
A017,oracle_qwen3_30b,oracle_full_dev_qwen3_30b_a3b,cs,42,Kdo byl režisérem filmu Cesta do hlubin študákovy duše?,Who was the director of the movie Journey to the depths of a student's soul?,Martin Frič.,Martin Frič.,Režisérem filmu Cesta do hlubin študákovy duše byl Martin Frič.,CORRECT,"The model answer correctly identifies Martin Frič as the director of the film ""Cesta do hlubin študákovy duše."" It includes the full name of the director without any contradictions or omissions. The answer is semantically correct and provides the exact information requested in the question. There are no additional details that would make the answer more specific than necessary, and the inclusion of the film title is appropriate given the context. So the overall score is:",Cesta_do_hlubin_študákovy_duše,1:Cesta do hlubin študákovy duše (0.178),"Cesta do hlubin študákovy duše: Cesta do hlubin študákovy duše je česká filmová komedie. V roce 1939 ji natočil režisér Martin Frič podle stejnojmenné knižní předlohy Jaroslava Žáka. Film ukazuje komické příhody vyplývající z různosti studentů (Ladislav Pešek, Rudolf Hrušínský, František Filipovský, Richard Strejka, Vladimír Salač), jejich zájmů a libůstek na jedné straně, a jej…",,,
A018,oracle_qwen3_30b,oracle_full_dev_qwen3_30b_a3b,uk,306,Вихід до скількох морів має Україна?,How many seas does Ukraine have access to?,До двох: Чорне та Азовське,Up to two: Black and Azov seas,Україна має вихід до одного моря — Чорного моря.,INCORRECT,"The model's answer is incorrect because it states that Ukraine has access to only one sea, the Black Sea, while the reference answer correctly identifies that Ukraine has access to two seas: the Black Sea and the Azov Sea. The model's omission of the Azov Sea is a significant factual error, as both bodies of water are indeed part of Ukraine's maritime borders. Therefore, the model's answer fails to provide the complete information requested in the question.",Чорне_море,1:Чорне море (0.065) | 2:Чорне море (0.065) | 3:Чорне море (0.062) | 4:Чорне море (0.062) | 5:Чорне море (0.058),"Чорне море: частину Півдня України та поширив свої володіння над Чорним морем, що й уможливило відновити українські колонізаційні заходи, зокрема простежується багато новозаснованих укріплень і митних городів над долішніми течіями Дніпра (замок Св. Івана), Дністра, Бога, порт у Хаджибеї тощо. Ці тимчасові здобутки були втрачені, коли після розпаду Золотої Орд… || Чорне море: шарі й зростає до ~22 ‰ на глибині 730 м; глибше залишається майже такою ж до самого дна. За температурним показником води моря розподіляються на два нерівні шари: верхній — до глибини приблизно 60–80 м і нижній від 80 м до самого дна, який зберігає майже незмінну температуру — близько +9 °C. Взимку температура води вер…",,,
A019,embedding_qwen3_30b_top10,embedding_rag_qwen3_30b_a3b_e5_full_dev_retrieval_top10,sk,446,Kde sa začína Vrbovský kanál?,Where does the Vrbovský canal begin?,"Začína pri obci Žaluzice, na východnom Slovensku.","It begins next to the commune of Žaluzice, in Eastern Slovakia.",Vrbovský kanál sa začína sútokom dvoch zdrojníc v severnej časti poľnohospodárskeho extravilánu obce Vrbová nad Váhom.,CORRECT,"The model answer provides a more detailed description of where the Vrbovský canal starts, mentioning that it begins with two sources in the northern part of the agricultural estate of the village Vrbová nad Váhom. This additional information about the sources and the agricultural estate does not contradict the reference answer but rather provides more context. The reference answer correctly identifies the starting point as being near the village of Žaluzice, which is indeed located in the eastern part of Slovakia. The model's mention of Vrbová nad Váhom, while not directly stated in the reference, is a nearby location that could be considered equivalent in terms of geographical context. The…",Vrbovský_kanál_(prítok_Čečehovského_kanála),1:Vrbovský kanál (prítok Lándorského kanála) (0.866) | 2:Vrbovec (prítok Hrona) (0.860) | 3:Vrbovský kanál (prítok Čečehovského kanála) (0.858) | 4:Hričovský kanál (0.846) | 5:Vrbovský potok (prítok Popradu) (0.845),"Vrbovský kanál (prítok Lándorského kanála): # Vrbovský kanál (prítok Lándorského kanála) Vrbovský kanál je kanál v regióne Podunajsko na území obce Vrbová nad Váhom a mesta Komárno v okrese Komárno v Nitrianskom kraji. Nachádza sa v geomorfologickom celku Podunajská rovina. Ústi do Lándorského kanála. Má dĺžku 10,5 km. ## Začiatok Začína sa sútokom dvoch zdrojníc v severnej časti poľnohospo… || Vrbovec (prítok Hrona): # Vrbovec (prítok Hrona) Vrbovec je vodný tok vo východnej časti Podunajskej nížiny, preteká územím okresu Levice. Je to pravostranný prítok Hrona, meria 23,2 km a je tokom III. rádu. Vzniká v Hronskej pahorkatine, juhozápadne od obce Lok, pod kótou 170,5 m. Tečie viac-menej j…",,,
A020,embedding_llama31_8b_top10,embedding_rag_llama31_8b_e5_full_dev_retrieval_top10,uk,25,На якій річці стоїть місто Житомир?,What river does the city of Zhytomyr stand on?,На річці Тетерів,On the Teteriv River,Річка Тетерів.,CORRECT,"The model's answer ""Річка Тетерів."" is semantically correct as it identifies the river that the city of Zhytomyr stands on, which is indeed the River Teteriv. The answer is concise and does not contain any contradictions or additional irrelevant information. It uses a slightly different form of the word ""river"" (""річка"" instead of ""річка""), but this is acceptable as it doesn't change the meaning. The answer is also complete, providing the exact information requested without being overly verbose or vague. So the overall score is:",Житомир,1:Житомир (0.878) | 2:Житомир (0.870) | 3:Житомир (0.870) | 4:Житомир (0.870) | 5:Житомир (0.870),"Житомир: # Житомир Житомир (МФА: [ʒeˈtɔmer] ( прослухати)) — місто на Півночі України, адміністративний центр Житомирської області та Житомирського району, центр Житомирської міської громади. Населення — 261,6 тис. осіб (01.01.2022), територія — 61 км². Місто поділяється на Богунський та Корольовський райони. Житомир є важливим транспортним вузлом: через м… || Житомир: # Житомир Житомир (МФА: [ʒeˈtɔmer] ( прослухати)) — місто на Півночі України, адміністративний центр Житомирської області та Житомирського району, центр Житомирської міської громади. Населення — 261,6 тис. осіб (01.01.2022), територія — 61 км². Місто поділяється на Богунський та Корольовський райони. Житомир є важливим трансп…",,,
A021,embedding_tiny_aya_water_top5,embedding_rag_tiny_aya_water_e5_full_dev_retrieval_top5,sk,260,Kto sa po parlamentných voľbách 2023 stal ministrom kultúry Slovenskej republiky?,Who became the minister of culture of the Slovak Republic after the parliamentary elections of 2023?,Martina Šimkovičová,Martina Šimkovičová,Silvia Hroncová.,INCORRECT,"The model's answer is incorrect because it provides the name of Silvia Hroncová instead of Martina Šimkovičová, who was actually elected as the Minister of Culture of the Slovak Republic after the parliamentary elections in 2023. This is a direct contradiction to the factual information that needs to be provided. Therefore, the model's answer fails to meet the criteria for correctness as per the score rubric, which requires the answer to contain the same factual information as the reference, without any contradictions.",Ministerstvo_kultúry_Slovenskej_republiky,1:Ministerstvo kultúry Slovenskej republiky (0.871) | 2:2025 na Slovensku (0.852) | 3:Zuzana Čaputová (0.852) | 4:Zuzana Čaputová (0.852) | 5:Zuzana Čaputová (0.852),"Ministerstvo kultúry Slovenskej republiky: # Ministerstvo kultúry Slovenskej republiky Súradnice: 48°08′43″S 17°06′34″V﻿ / ﻿48,145272°S 17,109562°V Ministerstvo kultúry Slovenskej republiky (medzi 1. júlom 2010 a 31. októbrom 2010 Ministerstvo kultúry a cestovného ruchu Slovenskej republiky) je ústredným orgánom štátnej správy Slovenskej republiky pre oblasť kultúry. ## Pôsobnosť ministers… || 2025 na Slovensku: Pellegrini vymenoval Samuela Migaľa za ministra ministra investícií, regionálneho rozvoja a informatizácie SR.[23] - 25. marec – vláda vyhlásila mimoriadnu situáciu kvôli epidémii slintačky a krívačky.[24] - 26. marec – za predsedu Národnej rady SR bol 79 hlasmi zvolený Richard Raši…",,,
A022,embedding_qwen3_30b_top10,embedding_rag_qwen3_30b_a3b_e5_full_dev_retrieval_top10,uk,313,Яка рослина є символом Київа?,What plant is the symbol of Kyiv?,Дерево каштану,Chestnut tree,Символом Києва є Архангел Михаїл.,INCORRECT,"The model's answer is incorrect because it provides a completely different symbol of Kyiv than what was asked. The question asks about a plant that serves as the symbol of Kyiv, but the model instead mentions Saint Michael the Archangel, which is not a plant and is not recognized as the city's symbol. Additionally, the model fails to mention any plant at all, which is the key element missing from its response. Therefore, the answer does not meet the criteria for being marked as correct according to the rubric.",Київ,1:Герб Києва (0.842) | 2:Київ (0.840) | 3:Перелік символів Києва (0.839) | 4:Київська міська виставка квітів (0.839) | 5:Офіційний перелік регіонально рідкісних рослин Києва (0.838),"Герб Києва: # Герб Києва Герб Ки́єва — геральдичний символ столиці України міста Києва. Чинний герб міста був затвержений та встановлений на фасаді будинку мерії 1995 року. На гербі Києва зображений срібний Архангел Михаїл із вогняним мечем та щитом, на якому є хрест, на синьому давньоруському (варязькому) щиті. Меч символізує захист, золотий хрест — символ с… || Київ: час була неофіційним народним гімном. Під час святкування Дня Києва 30 травня 2015 року на Софійській площі близько 3 тисяч учасників разом із міським головою Віталієм Кличком взяли участь у встановленні всеукраїнського рекорду із наймасовішого виконання цієї пісні. Також Києву присвячена «Пісня про Київ» заслуженого артиста…",,,
A023,embedding_tiny_aya_water_top5,embedding_rag_tiny_aya_water_e5_full_dev_retrieval_top5,cs,374,"Kdo byl jediným českým králem, který nepocházel z panovnické dynastie?",Who was the only Czech king who did not come from a ruling dynasty?,Jiří z Poděbrad.,George of Poděbrady,"Prvním českým králem byl Vratislav II. (1061–1092), který byl korunován v roce 1085. Dědičný královský titul získal až Přemysl Otakar I. v roce 1198.",INCORRECT,"The model's answer is incorrect because it provides information about Vratislav II and Přemysl Otakar I, who were not the only Czech kings outside of the royal dynasty. The question specifically asks for the single Czech king who was not from the royal dynasty, which is Jiří z Poděbrad. The model's answer fails to mention Jiří z Poděbrad at all and instead gives details about two other kings who were part of the royal dynasty. This omission of the key fact makes the answer incomplete and therefore incorrect. So the final label is:",Jiří_z_Poděbrad,1:České království (0.836) | 2:Český král (0.836) | 3:Český král (0.832) | 4:Český král (0.830) | 5:Seznam nejdéle vládnoucích českých králů (0.829),"České království: # České království České království či Království české (německy Königreich Böhmen, latinsky Regnum Bohemiae) byl státní útvar v čele s králem na území Čech od 12. století do roku 1918. K Českému království byly v různých obdobích přidruženy další historické země, především Moravské markrabství, slezská knížectví a Lužice. Země pod vládou českého… || Český král: # Český král Český král je označení panovníků Českého království, respektive všech dědičných zemí Koruny české. Mnozí čeští králové byli současně panovníky dalších zemí (císaři Svaté říše římské, králové Polského, Uherského, či Chorvatského království, vévodové rakouských zemí – štýrští, korutanští a kraňští ad.) P…",,,
A024,oracle_qwen3_30b,oracle_full_dev_qwen3_30b_a3b,sk,74,"Ktorá hudobná skupina vydala album s názvom ""Svetlo na druhom brehu""?","Which music group released an album called ""Light on the second shore""?",Metalinda,Metalinda,Metalinda,CORRECT,"The model's answer is completely accurate and directly matches the reference answer. It correctly identifies Metalinda as the musical group that released the album ""Svetlo na druhom brehu"". There is no additional information provided that contradicts the reference, nor is there any omission of key facts. The answer is concise and to the point, providing the exact information requested without unnecessary elaboration. So the overall score is:",Svetlo_na_druhom_brehu,1:Svetlo na druhom brehu (0.157),"Svetlo na druhom brehu: Svetlo na druhom brehu je tretí album od Metalindy, vydaný v roku 1992. Pochádza z neho najznámejší hit kapely, „Slnko nevychádzaj“, ďalšie videoklipy boli natočené aj k piesňam „Angie“ a „Tak aspoň chvíľu to so mnou skús“. Po vydaní albumu nahradil Matina Cepku Márius Bartoň. == Zoznam skladieb == Texty okrem uvedených napísal Pavol Jursa, hudbu…",,,
A025,embedding_tiny_aya_water_top5,embedding_rag_tiny_aya_water_e5_full_dev_retrieval_top5,cs,265,Jak vysoká je hora Plechý nacházející se v Šumavském pohoří?,How high is the Plechý mountain belonging to the Šumava mountain range?,1378 m.,1378 m.,"Plechý je nejvyšší hora v Šumavském pohoří, nacházející se na česko-rakouské hranici.",INCORRECT,"The model answer provides additional information about Plechý being the highest mountain in the Šumavské pohoří range and its location at the Czech-Austrian border. While this extra context is not directly asked for in the question, it doesn't contradict any facts and is relevant to the geographical context of the mountain. However, the model answer fails to provide the specific height of the mountain, which was the core request in the question. The question specifically asks for the height of the mountain, and while the model answer gives some related information, it omits the crucial numerical fact that was asked for. Therefore, the model answer is not fully correct because it does not pr…",Plechý,1:Plechý (0.884) | 2:Národní park Šumava (0.863) | 3:Národní park Šumava (0.857) | 4:Plechý (0.857) | 5:Plechowa Góra (0.851),"Plechý: # Plechý Plechý (německy Plöckenstein) je 1378 m vysoká hora ležící v pohoří Šumava na česko-rakouské hranici. Je pátým nejvyšším vrcholem na Šumavě, nejvyšším vrcholem české i rakouské části Šumavy a zároveň i nejvyšším vrcholem Jihočeského kraje a hornorakouského Mühlviertelu. Zároveň je devátou nejizolovanější českou horou. Severní svahy Pleché… || Národní park Šumava: # Národní park Šumava Národní park Šumava (NPŠ) je národní park v Česku. Vyhlášen byl v roce 1991. Jeho rozloha činí 685 km² a je tak největším českým národním parkem. Chráněné území zahrnuje pohoří Šumava na jihozápadě Čech, podél česko-německé státní hranice. Hlavním předmětem ochrany jsou jedinečná, nerušeně se…",,,
A026,embedding_qwen3_30b_top10,embedding_rag_qwen3_30b_a3b_e5_full_dev_retrieval_top10,sk,173,Ktorá spisovateľka mala pseudonym Ivo Medin?,Which writer had the pseudonym Ivo Medin?,Mária Rázusová-Martáková,Mária Rázusová-Martáková,Eva Borušovičová mala pseudonym Ivo Medin.,INCORRECT,"The model's answer is incorrect because it provides a different author name than the reference. While Eva Borušovičová is indeed a writer, she did not have the pseudonym Ivo Medin. The reference answer correctly identifies Mária Rázusová-Martáková as the author with that pseudonym. The model's answer fails to match the factual information provided in the reference, thus it does not meet the criteria for correctness based on the scoring rubric.",Mária_Rázusová-Martáková,1:Maxim E. Matkin (0.838) | 2:Maxim E. Matkin (0.838) | 3:Mária Rázusová-Martáková (0.838) | 4:Ivona Krajčovičová (0.831) | 5:Ivona Krajčovičová (0.828),"Maxim E. Matkin: # Maxim E. Matkin Maxim E. Matkin je umelecký pseudonym slovenskej spisovateľky Evy Borušovičovej. Okrem jej vydaných románov a zbierky článkov je v rôznych časopisoch možné zhliadnuť jej psychologické poradne. ## Dielo - 2002 – Polnočný denník (Slovart, ISBN 80-7145-671-3) - 2004 – Láska je chyba v programe (Slovart, ISBN 80-7145-925-9) - 2005 –… || Maxim E. Matkin: # Maxim E. Matkin Maxim E. Matkin je umelecký pseudonym slovenskej spisovateľky Evy Borušovičovej. Okrem jej vydaných románov a zbierky článkov je v rôznych časopisoch možné zhliadnuť jej psychologické poradne. ## Dielo - 2002 – Polnočný denník (Slovart, ISBN 80-7145-671-3) - 2004 – Láska je chyba v programe (S…",,,
A027,embedding_llama31_8b_top10,embedding_rag_llama31_8b_e5_full_dev_retrieval_top10,cs,102,Uveďte jméno největší a nejobsáhlejší české fyzické encyklopedie:,Name the largest and most comprehensive Czech material encyclopedia:,Ottův slovník naučný,Otto's dictionary,"Největší a nejobsáhlejší česká fyzická encyklopedie je Malá československá encyklopedie, která obsahuje asi 110 000 hesel a vyšla v šesti svazcích v letech 1984–1987.",INCORRECT,"The model's answer is incorrect because it provides information about the ""Malá československá encyklopedie,"" which is not the correct answer to the question asked. The question specifically asks for the name of the largest and most comprehensive Czech physical encyclopedia, and the reference answer correctly identifies ""Ottův slovník naučný"" as the answer. The model's answer includes additional details about the number of entries and publication years, but these facts are irrelevant since the encyclopedia mentioned is not the correct one. Therefore, despite the extra context being harmless, the inclusion of the wrong encyclopedia title makes the answer incorrect. So the overall score is:",Ottův_slovník_naučný,1:Seznam českých encyklopedií (0.853) | 2:Všeobecná encyklopedie v osmi svazcích (0.852) | 3:Vladimír Malíšek (0.850) | 4:Josip Kleczek (0.850) | 5:Masarykův slovník naučný (0.850),"Seznam českých encyklopedií: | | | Malá československá encyklopedie | 1984–1987 | 6 svazků | 110 000 | | | Encyklopedický slovník | 1993 | 1 svazek, 1456 stran | 30, 35 a 45 tisíc | Připravil Encyklopedický ústav Československé akademie věd. Vydal Encyklopedický dům a Odeon. Další vydání: Třísvazková Ilustrovaná encyklopedie (1995), Česká multimediální encyklopedie (1995, na… || Všeobecná encyklopedie v osmi svazcích: # Všeobecná encyklopedie v osmi svazcích Všeobecná encyklopedie v osmi svazcích, zvaná též Encyklopedie Diderot, je česká encyklopedie o rozsahu osmi svazků, která obsahuje přibližně 100 000 hesel a 8 000 převážně barevných ilustrací, map, grafů a tabulek. Vyšla v roce 1999 v…",,,
A028,embedding_qwen3_30b_top10,embedding_rag_qwen3_30b_a3b_e5_full_dev_retrieval_top10,uk,290,"Хто є композитором всесвітньо-відомої української щедрівки ""Щедрик""(Carol of the Bells)?",Who is the composer of the world-famous Ukrainian carol Carol of the Bells?,Микола Леонтович,Mykola Leontovych,"Композитором всесвітньо-відомої української щедрівки ""Щедрик"" (Carol of the Bells) є Микола Леонтович.",CORRECT,"The model answer correctly identifies Nikolay Leontovich as the composer of the world-famous Ukrainian carol ""Shchedryk"" (""Carol of the Bells""). It includes all the necessary information without any contradictions or vagueness. The answer is semantically correct and provides the exact name of the composer, which matches the reference answer. The inclusion of the alternative English title ""Carol of the Bells"" is a relevant addition that enhances the answer's completeness without altering its accuracy. So the overall score is:",Щедрик_(Леонтович),1:Carol of the Bells (0.892) | 2:Щедрик (Леонтович) (0.883) | 3:Щедрик (Леонтович) (0.839) | 4:Щедрик (Леонтович) (0.839) | 5:Леонтович Микола Дмитрович (0.832),"Carol of the Bells: # Carol of the Bells «Carol of the Bells» — популярна різдвяна пісня на музику українського композитора Миколи Леонтовича, створена в 1914 році (третя версія) на слова Петра Вільговського. За основу взята українська народна щедрівка Щедрик. Слова Вільговського захищені авторським правом (Carl Fischer Music), музика є суспільним надбанням. ## Перед… || Щедрик (Леонтович): # Щедрик (Леонтович) «Ще́дрик» — всесвітньо відомий твір для хору українського композитора Миколи Леонтовича, створений на початку XX століття. Після гастролей хору Олександра Кошиця в країнах Європи у 1919 році (Чехословаччина, Австрія, Швейцарія, Франція, Бельгія, Нідерланди, Велика Британія, Німеччина…",,,
A029,embedding_tiny_aya_water_top5,embedding_rag_tiny_aya_water_e5_full_dev_retrieval_top5,sk,278,Ktorý okres na Slovensku je najväčší?,Which Slovakian district is the largest?,Okres Levice.,Levice district.,Najväčší okres na Slovensku je okres Bratislava I.,INCORRECT,"The model's answer is incorrect because it provides the wrong information about the largest district in Slovakia. While it correctly identifies that Bratislava I is a district, it incorrectly states that it is the largest district. In reality, the largest district in Slovakia is Levice. The model's answer includes a factual element (Bratislava I being a district) but fails to provide the correct information regarding its size. So the overall score is:",Levice_(Slovensko),"1:Okres (Slovensko) (0.874) | 2:Bratislavský kraj (0.858) | 3:Mestský okres (Slovensko) (0.853) | 4:Okres (Slovensko) (0.850) | 5:Okres (Slovensko, 1940 – 1945) (0.849)","Okres (Slovensko): # Okres (Slovensko) Okres je druhá najmenšia administratívna jednotka Slovenska. Je väčšia ako obec a menšia ako kraj. V súčasnosti je na Slovensku 79 okresov, pričom hlavné mesto Bratislava, je rozdelené na päť okresov a Košice na štyri okresy. ## Charakteristika Viac okresov tvorí kraj. Pre funkciu slovenských okresov v 21. storočí platí: - Okre… || Bratislavský kraj: # Bratislavský kraj Bratislavský kraj je kraj na západe Slovenska. Najväčším mestom kraja je hlavné mesto Bratislava. Jeho územie je zároveň územím Bratislavského samosprávneho kraja a zároveň oblasťou RŠÚJ 2 (región NUTS 2) SK01. ## Okresy - Okres Bratislava I - Okres Bratislava II - Okres Bratislava III…",,,
A030,oracle_qwen3_30b,oracle_full_dev_qwen3_30b_a3b,sk,90,V ktorom storočí postavili Pezinský zámok?,In which century was Pezinok castle built?,v 13. storočí,in the 13th century,16. storočí,INCORRECT,"The model's answer of ""16. storočí"" (16th century) is incorrect as it contradicts the historical fact that Pezinský zámok was built in the 13th century, not the 16th. This directly opposes the information provided in the reference answer which correctly states the 13th century. Therefore, the model's response fails to provide the accurate historical period during which the castle was constructed. The model's answer introduces a completely different time frame, which is not supported by any historical evidence related to the construction of Pezinský zámok. This error leads to a significant deviation from the factual answer needed to address the question accurately. So the overall score is:",Pezinský_zámok,1:Pezinský zámok (0.221) | 2:Pezinský zámok (0.188),"Pezinský zámok: Pezinský zámok (iné názvy: Zámok Pezinok, Šimák Zámok Pezinok) je renesančný zámok neďaleko centra mesta v Zámockom parku, ktorý bol pôvodne stredoveké sídlo s opevnením pomocou vodných zdrojov – vodný hrad. == Poloha == Na juhovýchodnom úpätí pohoria Malé Karpaty, v meste Pezinok (152 m n. m.). == Dejiny == Už pred rokom 1271 v Pezinku postavili… || Pezinský zámok: najmä po r. 1875, keď časť hradu úplne prestavali na romantickú stavbu. Až po týchto úpravách hradu na pánske sídlo sa potlačil fortofikačný (obranný) ráz hradu. V tomto čase upravili aj záhradu okolo zámku na anglický park s vzácnymi stromami. V roku 1875 oheň zničil severnú hospodársku časť zámku. Koncom 19. st…",,,
A031,embedding_qwen3_30b_top10,embedding_rag_qwen3_30b_a3b_e5_full_dev_retrieval_top10,sk,65,V akom medicínskom odbore sa vyznamenal slovenský lekár Eugen Gressner?,In what medical field did the Slovak physician Eugen Gressner distinguish himself?,V gerontológii.,In Gerontology.,Eugen Gressner sa vyznamenal v odbore interného lekárstva.,INCORRECT,"The model's answer is incorrect because it provides a different field of medicine than what was asked in the question. While the question asks about Eugen Gressner's notable contribution in geriatrics (gerontological medicine), the model incorrectly states that he excelled in internal medicine. This is a contradiction to the known facts about Gressner's work, which were indeed in geriatrics. Therefore, the model's answer fails to provide the correct information and instead gives a false statement about his medical specialty. So the overall score is:",Eugen_Gressner,1:Eugen Gressner (0.891) | 2:Stanislav Kostlivý (0.837) | 3:Anton Molnár (0.835) | 4:Ladislav Dérer (lekár) (0.832) | 5:Medicína (0.827),"Eugen Gressner: # Eugen Gressner MUDr. Eugen Petr Gressner (* 17. november 1907, Prievidza – † 30. marec 1998, Bratislava) bol lekár, zakladateľ slovenskej gerontológie, emeritný primár, pedagóg, odborný publicista a organizátor zdravotníckej starostlivosti na úseku interného lekárstva. ## Životopis Ľudovú školu navštevoval v rodisku, roku 1925 maturoval na gymná… || Stanislav Kostlivý: LF KFU v Prahe pre Českú vysokú školu technickú v Brne - 1912 – 1919 súkromný docent ČVŠT v Brne - 1919 – 1941 riadny profesor chirurgie LF Univerzity Komenského v Bratislave - 1920 – 1940 prednosta chirurgickej kliniky LF UK - 1923/24 – rektor Univerzity Komenského - 1919/20, 1920/21, 1924/25 – prorektor UK…",,,
A032,embedding_tiny_aya_water_top5,embedding_rag_tiny_aya_water_e5_full_dev_retrieval_top5,sk,406,Akú politickú ideológiu zastáva strana Sloboda a Solidarita?,What political ideology does the party SaS stand for?,Stredopravicový liberalizmus.,Center-right liberalism.,Strana Sloboda a Solidarita (SaS) zastáva liberálnu stredopravicovú politickú ideológiu.,CORRECT,"The model answer provides the correct political ideology of the party ""Sloboda a Solidarita"" (SaS), which is ""liberálnu stredopravicovú politickú ideológiu."" This aligns with the reference answer's statement that the party advocates for ""stredopravicový liberalizmus."" The model answer includes additional information about the full name of the party, which is acceptable according to the scoring rubric. It does not omit any required facts, add contradictions, or answer a different question. Therefore, based on these criteria, the model answer is semantically correct.",Sloboda_a_Solidarita,1:Strana slobodných občanov (0.863) | 2:Sloboda a Solidarita (0.863) | 3:Sloboda a Solidarita (0.852) | 4:Solidárna republika (0.850) | 5:Sociálna demokracia (0.845),"Strana slobodných občanov: # Strana slobodných občanov Strana slobodných občanov (česky Strana svobodných občanů, skrátene Svobodní) je česká politická strana. Tento politický subjekt sa hlási k pravicovej orientácii a kritizuje Európsku úniu; v dobe prijímania Lisabonskej zmluvy vystupoval proti jej prijatiu. Logom strany je biely baran na zelenom poli. || Sloboda a Solidarita: # Sloboda a Solidarita Sloboda a Solidarita (skratka SaS, od 2023 prezentovaná ako SASKA) je slovenská liberálna stredopravicová politická strana, zaregistrovaná 27. februára 2009. Od marca 2024 je jej predsedom Branislav Gröhling, dovtedy bol od založenia predsedom Richard Sulík. SaS má od roku 2010 nepretržité zas…",,,
A033,embedding_llama31_8b_top10,embedding_rag_llama31_8b_e5_full_dev_retrieval_top10,uk,61,Який храм є центральним для єпарїіх УПЦ МП в місті Дніпрі?,Which church is central to the dioceses of the UOC-MP in the city of Dnipro?,Спасо-Преображенський кафедральний собор,Saviour's Transfiguration Cathedral,"У місті Дніпрі є кілька єпархій Української православної церкви (Московський Патріархат), але центральним храмом є Свято-Миколаївський (Кам'янське).",INCORRECT,"The model answer provides incorrect information about the central church of the Ukrainian Orthodox Church (Moscow Patriarchate) in Dnipro. It mentions the Saint Nicholas Cathedral (Kamianets) instead of the correct answer, which is the Spaso-Preobrazhensky Cathedral. Additionally, the model introduces irrelevant information about other eparchies in Dnipro, which was not asked for in the question. So the overall score is:",Спасо-Преображенський_кафедральний_собор_(Дніпро),1:Кам'янська єпархія УПЦ (МП) (0.840) | 2:Криворізька єпархія УПЦ КП (0.838) | 3:Храми Дніпра (0.838) | 4:Дніпропетровсько-Запорізька єпархія УАПЦ (0.837) | 5:Криворізька єпархія УПЦ (МП) (0.835),"Кам'янська єпархія УПЦ (МП): # Кам'янська єпархія УПЦ (МП) Кам'янська і Царичанська єпархія — єпархія Української православної церкви (Московський Патріархат) з центром в Кам'янському, Україна; включає території центральних районів Дніпропетровської області. Правлячий архієрей — митрополит Володимир (Орачов). ## Історія Рішенням Священого Синоду Української Православної Церкв… || Криворізька єпархія УПЦ КП: # Криворізька єпархія УПЦ КП Криворі́зька єпа́рхія — колишня єпархія Української православної церкви Київського патріархату, що охоплювала південні райони Дніпропетровської області. Єпархіальний центр — м. Кривий Ріг. Ліквідована внаслідок об'єднання з Дніпропетровською єпархією. ## Істо…",,,
A034,embedding_qwen3_30b_top10,embedding_rag_qwen3_30b_a3b_e5_full_dev_retrieval_top10,cs,91,"Kdo je pravým autorem slova ""robot""?","Who is the real author of the word ""robot""?",Josef Čapek,Josef Čapek,"Pravým autorem slova ""robot"" je Karel Čapek.",INCORRECT,"The model's answer is incorrect because it provides the wrong author of the word ""robot."" While it mentions Karel Čapek, who is indeed associated with the term, it incorrectly states that he is the right author. The actual author of the word ""robot"" was his brother, Josef Čapek. The model's answer contradicts the factual information about the origin of the term ""robot,"" which is a key requirement for correctness according to the scoring rubric. Therefore, the model's answer fails to meet the criteria for being marked as correct.",Robot,1:Robot (0.870) | 2:Robotika (0.855) | 3:Zákony robotiky (0.849) | 4:Lhář! (0.847) | 5:Robbie (povídka) (0.837),"Robot: # Robot Robot je stroj pracující s určitou mírou samostatnosti, vykonávající určené úkoly, a to předepsaným způsobem a při různých mírách potřeby interakce s okolním světem a se zadavatelem: Robot je schopen své okolí vnímat pomocí senzorů, reagovat na něj, zasahovat do něj, případně si o něm vytvářet vlastní představu, model. Vnímáním světa nejen… || Robotika: nebo doleva, nalézt předmět, uchopit jej jednou rukou, přendat do druhé, položit na zadané místo atp., vše na základě ústních příkazů. Experimentální robot JPL byl sestrojen jako možný průzkumník Marsu (planeta) a vzdálenějších těles sluneční soustavy. Počítalo se zde hlavně se zpožděním při telekomunikaci (v případě Marsu 20…",,,
A035,embedding_llama31_8b_top10,embedding_rag_llama31_8b_e5_full_dev_retrieval_top10,cs,78,Uveďte jméno římskokatolické farnosti v okrese Brno-venkov.,What is the name of the Roman Catholic parish in the Brno-venkov district?,Pravlov,Pravlov,"Římskokatolické farnosti v okrese Brno-venkov jsou:

1. Bílovice nad Svitavou
2. Brno-Bystrc
3. Brno-Husovice
4. Brno-Komín
5. Brno-Komárov
6. Brno-Krá",INCORRECT,"The model's answer provides a list of Roman Catholic parishes in the Brno-venkov district, which is a valid response to the question asked. However, it fails to include the specific parish mentioned in the reference answer, Pravlov. While the model's answer is factually accurate regarding the parishes listed, it omits the single required entity that was specified in the question. Therefore, despite providing relevant information about Roman Catholic parishes in the area, the answer is incomplete because it doesn't include the specific parish named in the reference. So the overall score is:",Římskokatolická_farnost_Pravlov,"1:Děkanství brněnské (0.875) | 2:Římskokatolická farnost u kostela sv. Vavřince, Brno-Komín (0.874) | 3:Ponávka (mikroregion) (0.874) | 4:Děkanství slavkovské (0.873) | 5:Římskokatolická farnost Podolí u Brna (0.873)","Děkanství brněnské: # Děkanství brněnské Děkanství brněnské je územní část brněnské diecéze s centrem v Brně. Zahrnuje 25 římskokatolických farností a 2 duchovní správy. Děkanství je starobylé a nově bylo vymezeno při reformě členění brněnské diecéze k 1. červenci 1999. V roce 2000 byla v děkanství zřízena nová farnost Brno-Žabovřesky, v roce 2005 farnost Brno-Lesná… || Římskokatolická farnost u kostela sv. Vavřince, Brno-Komín: # Římskokatolická farnost u kostela sv. Vavřince, Brno-Komín Římskokatolická farnost Brno-Komín je územním společenstvím římských katolíků v rámci brněnského děkanství brněnské diecéze s farním kostelem svatého Vavřince. Do farnosti spadají brněnské části Komín, Jun…",,,
A036,embedding_llama31_8b_top10,embedding_rag_llama31_8b_e5_full_dev_retrieval_top10,sk,196,Aká je neoficiálna prezívka Mostu SNP v Bratislave?,What is the nickname of the SNP Brdige in Bratislava?,UFO most.,UFO Bridge.,Neoficiálna prezývka Mostu SNP v Bratislave je UFO most.,CORRECT,"The model's answer is semantically correct as it provides the exact same factual information as the reference answer, which is ""UFO most."" The answer includes all the required elements - the bridge name (Most SNP), its location (Bratislava), and its nickname (UFO most). The addition of ""neoficiálna"" (unofficial) and ""prezývka"" (nickname) are appropriate qualifiers that do not detract from the accuracy of the answer. The model has not added any contradictory facts or irrelevant details, and it has not omitted any required information. Therefore, based on the scoring rubric, the model's answer meets all the criteria for correctness.",Most_SNP,1:Most SNP (0.865) | 2:Most pri Bratislave (0.862) | 3:Kamenné námestie (0.851) | 4:Námestie Slovenského národného povstania (Bratislava) (0.849) | 5:Námestie Nežnej revolúcie (0.848),"Most SNP: # Most SNP Most SNP (od roku 1993 do 28. augusta 2012 Nový most, prezývaný aj UFO most) je jednopylónový, oceľový, cestný, zavesený most vejárového dizajnu cez Dunaj v Bratislave. Je to jediný most v Bratislave, ktorý nemá žiadny pilier v prúde rieky Dunaj, čím je to bratislavský most s najväčším hlavným rozpätím a tým vo všeobecnosti klasifikovan… || Most pri Bratislave: # Most pri Bratislave Most pri Bratislave (historicky slov. Most na Ostrove, predtým Pruk, maď. Dunahidas, historicky Pruk, nem. Bruck an der Donau) je obec na Slovensku v okrese Senec. V obci je rímskokatolícky kostol Božského Srdca Ježišovho, ktorého súčasťou je aj románskogotický kostolík z konca 13. storočia…",,,
A037,embedding_llama31_8b_top10,embedding_rag_llama31_8b_e5_full_dev_retrieval_top10,uk,240,«Чорні чоловічки» Медведчука є розслідуванням якої української редакції?,"Medvedchuk's ""Black Men"" is an investigation by which Ukrainian newsroom?",Української редакції Радіо Свобода,Ukrainian editorial office of Radio Liberty,"""Чорні чоловічки"" Медведчука є розслідуванням програми ""Схеми"".",INCORRECT,"The model's answer incorrectly identifies the Ukrainian edition of the investigation as being related to Radio Svoboda's program ""Schemes"" instead of the correct answer which is Radio Svoboda itself. This is a significant error as it changes the entire context of the question and provides incorrect information about the source of the investigation. The model has failed to mention that ""Чорні чоловічки"" (Black Guys) was published by Radio Svoboda, which is the key fact needed to answer the question correctly. Therefore, the model's answer is not just incomplete but also provides a completely wrong piece of information. So the overall score is:",Схеми:_корупція_в_деталях,1:Схеми: корупція в деталях (0.837) | 2:Реплянчук Дмитро Олександрович (0.836) | 3:Петро і Мазепа (0.825) | 4:Наші гроші з Денисом Бігусом (0.823) | 5:1937 (книга) (0.818),"Схеми: корупція в деталях: метою приховування майна у декларації судді. #### «Чорні чоловічки» Віктора Медведчука У листопаді 2017 року «Схеми» з'ясували, що Віктор Медведчук використовував ексклюзивне право прямого авіасполучення між Україною та Росією — і не тільки для переговорів щодо заручників. Під час цього розслідування охоронці підприємця напали на знімальну групу п… || Реплянчук Дмитро Олександрович: # Реплянчук Дмитро Олександрович Реплянчук Дмитро Олександрович (нар. 17.10.1994, Київ) — український журналіст, кореспондент телевізійної програми журналістських розслідувань «Слідство.Інфо». Спеціалізується на розслідуваннях корупції та зловживань у правоохоронній системі. До дого, я…",,,
A038,embedding_llama31_8b_top10,embedding_rag_llama31_8b_e5_full_dev_retrieval_top10,cs,450,V jakém kraji se nachází Adršpašsko-teplické skály?,In which region are the The Adršpach-Teplice Rocks?,V Královehradeckém kraji.,In the Hradec Králové region.,Adršpašsko-teplické skály se nachází v Královéhradeckém kraji.,CORRECT,"The model answer correctly identifies the location of Adršpašsko-teplické skály as being in Královéhradecký kraj, which matches the information provided in the reference answer. The answer includes all the necessary elements without any contradictions or additional irrelevant details that would make it incorrect. The response is specific and directly addresses the question asked, providing the exact location of the geological formation. Therefore, based on the scoring rubric criteria, the model answer is semantically correct and should be marked as such.",Adršpašsko-teplické_skály,1:Adršpašsko-teplické skály (0.898) | 2:Adršpach (0.862) | 3:Adršpašský potok (0.847) | 4:Turistická značená trasa 7369 (0.845) | 5:Čáp (Adršpašsko-teplické skály) (0.842),"Adršpašsko-teplické skály: # Adršpašsko-teplické skály Národní přírodní rezervace Adršpašsko-teplické skály (německy Adersbach-Weckelsdorfer Felsenstadt) byla vyhlášena již v roce 1933 na rozloze 1771 ha k ochraně zachovalých celků skalních měst. Chráněné území je od 1. června 2015 ve správě regionálního pracoviště Východní Čechy Agentury ochrany přírody a krajiny ČR. Národ… || Adršpach: # Adršpach Adršpach (německy Adersbach) je obec v severovýchodních Čechách pod zříceninou hradu Adršpach. Leží v okrese Náchod v Královéhradeckém kraji v turistickém regionu Kladské pomezí. Adršpach má rozlohu 1971 ha a žije zde 493 obyvatel. Na jeho území se nachází Adršpašsko-teplické skály, nejnavštěvova…",,,
A039,embedding_qwen3_30b_top10,embedding_rag_qwen3_30b_a3b_e5_full_dev_retrieval_top10,uk,61,Який храм є центральним для єпарїіх УПЦ МП в місті Дніпрі?,Which church is central to the dioceses of the UOC-MP in the city of Dnipro?,Спасо-Преображенський кафедральний собор,Saviour's Transfiguration Cathedral,Центральним храмом для єпархії УПЦ МП в місті Дніпрі є Свято-Миколаївський храм.,INCORRECT,"The model's answer is incorrect because it provides the wrong name of the central church for the Ukrainian Orthodox Church (MP) in Dnipro. While it correctly identifies the location (Dnipro) and the denomination (Ukrainian Orthodox Church - MP), it incorrectly names the church as ""Svyaato-Mikolaivskyi"" instead of the correct ""Spaso-Preobrazhenskyi"". This error changes the factual accuracy of the answer, making it incorrect despite the proper context being maintained. So the overall score is:",Спасо-Преображенський_кафедральний_собор_(Дніпро),1:Кам'янська єпархія УПЦ (МП) (0.840) | 2:Криворізька єпархія УПЦ КП (0.838) | 3:Храми Дніпра (0.838) | 4:Дніпропетровсько-Запорізька єпархія УАПЦ (0.837) | 5:Криворізька єпархія УПЦ (МП) (0.835),"Кам'янська єпархія УПЦ (МП): # Кам'янська єпархія УПЦ (МП) Кам'янська і Царичанська єпархія — єпархія Української православної церкви (Московський Патріархат) з центром в Кам'янському, Україна; включає території центральних районів Дніпропетровської області. Правлячий архієрей — митрополит Володимир (Орачов). ## Історія Рішенням Священого Синоду Української Православної Церкв… || Криворізька єпархія УПЦ КП: # Криворізька єпархія УПЦ КП Криворі́зька єпа́рхія — колишня єпархія Української православної церкви Київського патріархату, що охоплювала південні райони Дніпропетровської області. Єпархіальний центр — м. Кривий Ріг. Ліквідована внаслідок об'єднання з Дніпропетровською єпархією. ## Істо…",,,
A040,embedding_llama31_8b_top10,embedding_rag_llama31_8b_e5_full_dev_retrieval_top10,sk,61,"Ktorý významný šľachtic so sídlom v Bytči sa preslávil ako bojovník proti Turkom, ako podporovateľ Slovákov, protestantizmu a ako radca cisára Rudolfa II.?","Which prominent nobleman based in Bytča became famous as a fighter against the Turks, as a supporter of Slovaks, Protestantism and as an advisor to Emperor Rudolf II?",Juraj (VII.) Turzo.,Juraj (VII.) Turzo.,"Ktorý významný šľachtic so sídlom v Bytči sa preslávil ako bojovník proti Turkom, ako podporovateľ Slovákov, protestantizmu a ako radca cisára Rudolfa II.? 

Šľachticom, ktorý",INCORRECT,"The model's response is incomplete and lacks the crucial information needed to answer the question correctly. While it starts with the right question and mentions the nobleman's residence in Bytch, it fails to provide any specific name or identity of the nobleman who fits the description given in the question. The response merely begins to list the characteristics that the nobleman should have, but does not complete the answer by providing the actual name of Juraj VII. Turzo, who was indeed the nobleman described in the question. Therefore, the model's answer is missing the key fact that would make it correct, which is the name of the nobleman. So the overall score is:",Juraj_VII._Turzo,1:Turzovci (0.835) | 2:Povstanie Štefana Bočkaia (0.834) | 3:Turzovci (0.828) | 4:Ján Jiskra z Brandýsa (0.827) | 5:Donč (krajinský hodnostár) (0.827),"Turzovci: župana (6.12.1557). Definitívnu donáciu na hradné panstvo Lietava za splatených 12 640 zlatých vydal Ferdinand I. 1.11.1558 vo Viedni. Prednosť vyplynula zo sobáša s Barborou Koztka de Szedlecz, poslednou členkou rodu. František sa stal oddaným podporovateľom evanjelikov. Najvýznamnejší bol neskorší palatín Juraj (✳ 1567, † 1616, manž. Žofia Forgá… || Povstanie Štefana Bočkaia: # Povstanie Štefana Bočkaia Povstanie Štefana Bočkaia (iné názvy: povstanie Štefana Bočkaja [staršie: Bockaya], Bočkaiovo/Bočkajovo [staršie:Bockayovo] povstanie) bolo prvé zo šiestich protihabsburských stavovských povstaní. Dialo sa v rokoch 1604 – 1606. ## Pomery pred povstaním Štefan Bočkai pôsobil ako p…",,,
A041,oracle_qwen3_30b,oracle_full_dev_qwen3_30b_a3b,uk,345,Який фільм Олександра Довженка був визнаний одним з найкращих фільмів усіх часів на Всесвітній виставці в Брюсселі у 1958 році?,Which of Alexander Dovzhenko's films was named among the top 12 films of all time at the 1958 Brussels World's Fair?,Німий художній фільм «Земля» Олександра Довженка був визнаний одним з 12 найкращих фільмів усіх часів на Всесвітній виставці в Брюсселі у 1958 році.,"The silent feature film ""Earth"" by Alexander Dovzhenko was named one of the top 12 films of all time at the 1958 Brussels World's Fair.","Фільм Олександра Довженка, який був визнаний одним з найкращих фільмів усіх часів на Всесвітній виставці в Брюсселі у",INCORRECT,"The model answer provides the correct information about Alexander Dovzhenko's film being recognized at the World's Fair in Brussels in 1958, but it fails to specify which film was recognized. While the answer includes the key elements of the question (Dovzhenko, World's Fair, Brussels, 1958), it omits the crucial fact that the film was ""Zemlya"" (Earth) and that it was among the 12 best films of all time. This omission makes the answer incomplete and unable to fully answer the question posed. Therefore, while the answer is partially correct, it lacks the essential detail needed to be considered complete. So the overall score is:",Український_кінематограф,1:Український кінематограф (0.268) | 2:Український кінематограф (0.205) | 3:Український кінематограф (0.149) | 4:Український кінематограф (0.133) | 5:Український кінематограф (0.125),"Український кінематограф: виникає студія «Укртелефільм» — єдина радянська кіностудія, яка спеціалізувалася на фільмах виключно для телебачення. В підпорядкування «Укртелефільму» перейшли регіональні телестудії. Зазвичай регіональні телестудії знімали фільми в себе, тоді як монтажем, звуком і копіюванням займалися у Києві. === Українські телесеріали === == Відзнаки українсь… || Український кінематограф: Carpatho-Ukraine, 1940 р.). У 1960-1970-х роках у місті Ошава, провінції Онтаріо у Канаді на кіностудії Canukr Films знято кілька фільмів. За сценарієм Степана Любомирського знято кінострічки «Ніколи не забуду» (1969 р., режисер Б. Паздрій, В. Бачинський), «Зашуміла Верховина» (1976 р.). Сере…",,,
A042,embedding_tiny_aya_water_top5,embedding_rag_tiny_aya_water_e5_full_dev_retrieval_top5,uk,101,"Як називається в'язка кукурудзяна каша, зварена на вершках або сметані, яка належить до гуцульської кухні?","What is the name of viscous corn porridge, cooked on cream or sour cream, which belongs to Hutsul cuisine?",Банош.,Banosh.,Банош.,CORRECT,"The model's answer is completely accurate and directly matches the reference answer. It provides the exact term ""банош"" which is the correct name for the dish described in the question. The answer is concise and doesn't add any unnecessary information that could potentially confuse the meaning of the term. There is no omission of facts, no contradictions, and no vagueness. The answer is precise and directly addresses the question asked without any deviation. So the overall score is:",Банош,1:Гуцульська кухня (0.846) | 2:Кукурудзяне борошно (0.833) | 3:Зозуля (страва) (0.832) | 4:Банош (0.830) | 5:Гурка (0.829),"Гуцульська кухня: # Гуцульська кухня Гуцульська кухня — частина української кухні, розповсюджена на Гуцульщині, має давню історію, славиться різноманітністю. Історія гуцульської кухні сягає багатьох століть і при цьому відповідає регіональним особливостям. Так, для Карпатського регіону з давніх-давен характерне скотарство, а хліборобські зернові культури не такі по… || Кукурудзяне борошно: # Кукурудзяне борошно Кукурудзяне борошно є продуктом помолу висушених зерен кукурудзи. Цей продукт широко використовується в багатьох національних кухнях. Таке борошно використовується і як основний інгредієнт для випікання хліба, коржів, кондитерських виробів, варіння каш, і як додатковий інгредієнт до…",,,
A043,embedding_llama31_8b_top10,embedding_rag_llama31_8b_e5_full_dev_retrieval_top10,cs,341,Jak se jmenuje druhá největší a také druhá založená univerzita v České republice?,What is the name of the second largest and second founded university in the Czech Republic?,Masarykova univerzita,Masaryk University,Druhá největší a také druhá založená univerzita v České republice je Univerzita Palackého v Olomouci.,CORRECT,"The model answer provides the correct name of the second largest and oldest university in the Czech Republic, which is Univerzita Palackého in Olomouc. It includes additional information about the location (Olomouc) without changing the core factual content. This extra detail does not detract from the accuracy of the answer but rather provides more context. The answer maintains semantic correctness by including all necessary elements from the question and providing a precise response that aligns with the reference answer. So the overall score is:",Masarykova_univerzita,1:Přírodovědecká fakulta Masarykovy univerzity (0.854) | 2:Masarykova univerzita (0.851) | 3:Univerzita Palackého v Olomouci (0.847) | 4:Univerzita (0.846) | 5:Dějiny Masarykovy univerzity (0.844),"Přírodovědecká fakulta Masarykovy univerzity: # Přírodovědecká fakulta Masarykovy univerzity Přírodovědecká fakulta Masarykovy univerzity (PřF MU) je fakulta Masarykovy univerzity, která poskytuje vysokoškolské vzdělání v biologických, fyzikálních, chemických, matematic­kých, geologických a geografických vědách a ve vyučování těmto vědám. Výuku v omezené míře zahájila na podzim 1920. V akadem… || Masarykova univerzita: # Masarykova univerzita Masarykova univerzita (latinsky Universitas Masarykiana, v letech 1960–1990 Universita Jana Evangelisty Purkyně v Brně) je česká univerzita se sídlem v Brně. Založena byla v roce 1919 jako druhá česká univerzita. Počtem studentů v akreditovaných studij…",,,
A044,embedding_llama31_8b_top10,embedding_rag_llama31_8b_e5_full_dev_retrieval_top10,sk,15,Ako sa rozhoduje o víťazovi slovenského Stromu roka?,How is the winner of the Slovak Tree of the Year decided?,Verejným hlasovaním.,By a public vote.,Súťaž o Strom roka sa koná každoročne od roku 2003 a jej cieľom je upozorniť na význam stromov v životnom prostredí a vzbudiť záujem verejnosti o svoje okolie. Víťaz,INCORRECT,"The model's answer provides additional context about the competition's purpose and timeline but fails to directly state how the winner is determined. While it mentions that the competition takes place annually since 2003 and aims to raise awareness about trees, it doesn't address the specific method of selecting the winner. The answer includes unnecessary details about the competition's goals and duration, which, while related to the topic, do not answer the direct question about the decision-making process for choosing the winner. Therefore, the answer is too vague to be considered fully correct as it omits the key information about the voting process. So the overall score is:",Strom_roka,1:Strom roka (0.851) | 2:Česko Slovensko má talent (0.837) | 3:Biela vrana (cena) (0.836) | 4:Slnko v sieti (cena) (0.834) | 5:Zvolenská Slatina (0.833),"Strom roka: # Strom roka Strom roka je celoslovenská súťaž, ktorej cieľom je upozorňovať na význam stromov v životnom prostredí, vzbudzovať a posilňovať záujem verejnosti o svoje okolie ako aj umožniť širokej verejnosti predstaviť svoj najkrajší strom a možno aj príbeh, ktorý sa so stromom spája. Vyhlasovaná je každoročne od roku 2003 (s výnimkou roku 2005) f… || Česko Slovensko má talent: ďalšieho určila porota z tretieho až piateho v SMS-hlasovaní. Zvyšní dvaja išli do duelu ako v predošlých semifinálových večeroch. V 3. sérii v 1. semifinále postúpili traja najlepší v SMS hlasovaní, štvrtého určila porota v dueli štvrtého s piatym, v 2. semifinále postúpili štyria najlepší v SMS hlasovan…",,,
A045,embedding_tiny_aya_water_top5,embedding_rag_tiny_aya_water_e5_full_dev_retrieval_top5,cs,54,Kosti kterého zvířete byly nalezeny ve značném množství ve vykopávkách v Přerově?,Bones of which animal were found in significant quantities in the excavations in Přerov?,Kosti mamutů.,Mammoth bones.,Ve vykopávkách v Přerově byly nalezeny značné množství kostí mamutů.,CORRECT,"The model answer correctly identifies that mammoth bones were found in large quantities during excavations in Přerov, which matches the key information provided in the reference answer. The answer includes all necessary elements - the location (Přerov), the type of remains (bones), the quantity (large amount), and the context (excavations). The additional details about the excavation process do not detract from the accuracy of the answer but rather provide context that aligns with the original question. Therefore, the model answer meets the criteria for being semantically correct without requiring any specific rephrasing or omission of facts.",Přerov,1:Přerov (0.857) | 2:Předmostí (Přerov) (0.849) | 3:Předmostí u Přerova (archeologická lokalita) (0.847) | 4:Předmostí (Přerov) (0.846) | 5:Přerov (0.841),"Přerov: # Přerov Přerov (německy Prerau) je statutární město v Olomouckém kraji, leží 21 km jihovýchodně od Olomouce v Hornomoravském úvalu na řece Bečvě, nachází se přibližně 200 m nad mořem a má rozlohu 58,48 km². Žije zde přibližně 41 tisíc obyvatel. Do roku 2002 byl Přerov sídlem okresního úřadu okresu Přerov. Statutárním městem je od 1. července 2006… || Předmostí (Přerov): k žákům v Přerově a okolí. Tento konflikt stále není vyřešen. V Předmostí funguje několik firem a obchodů, jmenujme hlavně dvě samoobsluhy (doplněné několika menšími obchody s potravinami). Nechybí ani několik hospod, největší tradici má Hospoda u Mamuta. V renovované budově bývalé hasičské stanice byl otevřen hosti…",,,
A046,embedding_qwen3_30b_top10,embedding_rag_qwen3_30b_a3b_e5_full_dev_retrieval_top10,cs,238,Kde se nachází Vyškov?,Where is Vyškov located?,V Jihomoravském kraji.,In the South Moravian region.,Vyškov se nachází v Jihomoravském kraji.,CORRECT,"The model answer correctly identifies that Vyškov is located in the Jihomoravský kraj (South Moravian Region). It provides the exact location as stated in the reference answer without any contradictions or additional information that would make it incorrect. The answer is concise and directly addresses the question about the location of Vyškov. Therefore, based on the scoring rubric, which allows for paraphrases and harmless extra detail while requiring the presence of the required fact, the model answer meets all criteria for correctness.",Okres_Vyškov,1:Vyškovo (0.883) | 2:Vyškovská brána (0.868) | 3:Nemocnice Vyškov (0.859) | 4:Výškov (0.856) | 5:Vyškov (0.854),"Vyškovo: # Vyškovo Vyškovo nad Tisou (ukrajinsky Вишково, Vyškovo, maďarsky Visk) je městys (ukrajinsky selyšče) ležící v Zakarpatské oblasti asi dvacet kilometrů jihovýchodně od Chustu. Žije zde přibližně 8 300 obyvatel, v celé obci pak 11 818 obyvatel. ## Části obce - Vyškovo - Modoroš, ukrajinsky Модьорош - Rakoš, ukrajinsky Ракош - Šajan, ukrajinsky Ша… || Vyškovská brána: # Vyškovská brána Vyškovská brána je geomorfologický celek na Moravě, součást pásma Západních Vněkarpatských sníženin. Tvoří předěl mezi Drahanskou vrchovinou (Česká vysočina) a Litenčickou pahorkatinou (Karpaty) a propojuje Dyjsko-svratecký a Hornomoravský úval. Je tvořena mírnou pahorkatinou na terciérních a kvartér…",,,
A047,embedding_llama31_8b_top10,embedding_rag_llama31_8b_e5_full_dev_retrieval_top10,sk,355,Koľko ministerstiev je na Slovensku?,How many ministries are there in Slovakia?,15,15,Na Slovensku je 15 ministerstiev.,CORRECT,"The model answer correctly identifies the number of ministries in Slovakia, which is the core information requested in the question. It provides the exact figure of 15 ministries without any contradictions or additional irrelevant details that would make it incorrect. The answer is concise and directly addresses the question asked, making it semantically correct according to the scoring rubric. Therefore, based on these criteria, the model's response is accurate and complete.",Zoznam_ministerstiev_na_Slovensku,1:Zoznam ministerstiev na Slovensku (0.868) | 2:Ministri (seriál) (0.845) | 3:Ministerstvo (0.842) | 4:Administratívne členenie Slovenska (0.839) | 5:Vláda Slovenskej republiky od 4. apríla 2012 do 23. marca 2016 (0.836),"Zoznam ministerstiev na Slovensku: # Zoznam ministerstiev na Slovensku Toto je zoznam ministerstiev na Slovensku. ## Aktuálne ministerstvá Zákon č. 575/2001 Z. z. o organizácii činnosti vlády a organizácii ústrednej štátnej správy (tzv. kompetenčný zákon) v § 3 ustanovuje pôsobenie nasledovných ministerstiev v Slovenskej republike: 1. Ministerstvo cestovného ruchu a športu Slovensk… || Ministri (seriál): # Ministri (seriál) Ministri je slovenský komediálny televízny seriál TV JOJ, ktorý vychádza z prostredia „fiktívnej slovenskej politickej scény“. Seriál mal premiéru 4. septembra 2018. ## Obsadenie ### Hlavné postavy - Tomáš Maštalír – Milan; premiér SR[2][4][5][6] - Milo Kráľ– Ondrej; hov…",,,
A048,embedding_tiny_aya_water_top5,embedding_rag_tiny_aya_water_e5_full_dev_retrieval_top5,uk,196,Територія якого села затоплена водами Кременчуцького водосховища?,The territory of which village was flooded by the waters of the Kremenchuk Reservoir?,Малярівка,Malyarivka.,"Малярівка, Чернече, Ревівка та Кременчуки були затоплені водами Кременчуцького водосховища.",CORRECT,"The model answer provides a list of four settlements that were flooded by the Kremenchuk Reservoir, including Maлярівка, which is the correct answer to the question. While the additional information about other settlements like Чернече, Ревівка, and Кременчуки is included, it doesn't detract from the accuracy of the main answer. The inclusion of these extra details is acceptable as per the scoring rubric, which allows for harmless extra context. Therefore, despite the additional information, the model answer correctly identifies Maлярівка as the settlement that was flooded by the Kremenchuk Reservoir. So the overall score is:",Малярівка,1:Малярівка (0.859) | 2:Чернече (Новогеоргіївський район) (0.859) | 3:Ревівка (Новогеоргіївський район) (0.854) | 4:Кременчуцьке водосховище (0.852) | 5:Кременчуки (0.848),"Малярівка: # Малярівка Малярівка — колишнє село в Україні, у Градизькому районі Полтавської області. Зараз територія села затоплена водами Кременчуцького водосховища. ## Історія 1862 року в селищі володарському на Сулі Малярівка було 39 дворів та жило 238 осіб (120 чоловічої та 118 жіночої статі). Територію села затоплено під час будівництва Кременчуцького в… || Чернече (Новогеоргіївський район): # Чернече (Новогеоргіївський район) Чернече — колишнє село Новогеоргіївського району Кіровоградської області. Наприкінці 1950-х років затоплене водами Кременчуцького водосховища. Всього затоплено усі 136 дворів села.",,,
