audit_id,system_short,system_id,lang,id,question,question_en,reference_answer,answer_en,model_answer,mprometheus_label,mprometheus_feedback,wikititle,retrieved_titles,context_snippet,manual_label,manual_confidence,manual_notes
A001,embedding_qwen3_30b_top10,embedding_rag_qwen3_30b_a3b_e5_full_dev_retrieval_top10,cs,42,Kdo byl režisérem filmu Cesta do hlubin študákovy duše?,Who was the director of the movie Journey to the depths of a student's soul?,Martin Frič.,Martin Frič.,Režisérem filmu *Cesta do hlubin študákovy duše* byl Martin Frič.,CORRECT,"The model answer correctly identifies Martin Frič as the director of the film ""Cesta do hlubin študákovy duše."" It includes the title of the film with proper formatting and provides the correct information without any contradictions or additional irrelevant details. The answer is concise and directly addresses the question asked, which was to identify the director of the specified film. Therefore, based on the scoring rubric criteria, the model answer meets all the requirements for being marked as correct.",Cesta_do_hlubin_študákovy_duše,1:Cesta do hlubin študákovy duše (0.869) | 2:Školní výlet (0.837) | 3:Pražský student (0.829) | 4:Studentský Oscar (0.825) | 5:Cesta do hlubin kočičí duše (0.823),"Cesta do hlubin študákovy duše: # Cesta do hlubin študákovy duše Cesta do hlubin študákovy duše je česká filmová komedie. V roce 1939 ji natočil režisér Martin Frič podle stejnojmenné knižní předlohy Jaroslava Žáka. Film ukazuje komické příhody vyplývající z různosti studentů (Ladislav Pešek, Rudolf Hrušínský, František Filipovský, Richard Strejka, Vladimír Salač), jejich zájmů… || Školní výlet: # Školní výlet Školní výlet je český film režiséra Petra Šíchy z roku 2012, který pojednává o partě spolužáků, kteří jsou pozváni na pobyt do lázní. Při tomto pobytu však zažívají mnoho peripetií, vtipných situací i osobních dramat. Souběžně s tím se odehrává příběh mladého zlodějíčka (hraje ho Jan…",correct,high,
A002,oracle_qwen3_30b,oracle_full_dev_qwen3_30b_a3b,uk,254,"Із якою подією зв'язано термін ""Зелені чоловічки""?",What event is the term ‘Little Green Men’ associated with?,Анексією Криму у 2014 році,The annexation of Crimea in 2014,"Термін ""Зелені чоловічки"" зв'язаний із російським вторгненням в Україну у 2014 році.",CORRECT,"The model answer provides the correct historical event that the term ""Green Men"" is associated with - the Russian invasion of Ukraine in 2014. It includes the key elements of the reference answer: the year (2014) and the event (Russian invasion). The additional phrase ""вторгнення"" (invasion) is a synonym for ""анексія"" (annexation), which is acceptable as per the scoring rubric's allowance for equivalent wording. The model answer does not contain any contradictions or irrelevant information, and it directly addresses the question asked about the connection between the term and a specific event. Therefore, based on these criteria, the model answer is semantically correct.",Зелені_чоловічки,1:Зелені чоловічки (0.044),"Зелені чоловічки: «Зеле́ні чолові́чки», у російському медіапросторі переважно «ввічливі люди» (рос. вежливые люди) — інтернет-мем, кліше російської пропаганди для позначення окупаційних військ, які висадилися в Криму без розпізнавальних знаків та жартівливо-іронічна назва російських військових без відзнак на одязі та техніці, які у складі спецпідрозділів проводили…",correct,high,
A003,embedding_llama31_8b_top10,embedding_rag_llama31_8b_e5_full_dev_retrieval_top10,uk,357,Чи писав Саксаганський Панас Карпович літературні твори?,Did Saksagansky Panas Karpovich write literary works?,"Так. Він був автором комедій «Лицеміри» (1908) та «Шантрапа» (1914), спогадів «По шляху життя» (1935) і ряду статей з акторської майстерності.","Yes. He was the author of the comedies ""Hypocrites"" (1908) and ""Shantrap"" (1914), the memoirs ""On the Path of Life"" (1935), and a number of articles on acting.","Чи писав Саксаганський Панас Карпович літературні твори? Так, він був автором комедій: «Лицеміри» (1908) та «Шантрапа» (1914), а також спогадів «По шлях",CORRECT,"The model answer provides the same key information as the reference answer, including the author's name, the titles of his works, and their publication years. It correctly identifies that Saksagansky wrote literary works, specifically mentioning comedies and memoirs. The answer includes the exact titles ""Лицеміри"" and ""Шантрапа"" with their respective publication dates, which matches the reference perfectly. The answer also maintains the logical flow of the question-answer format, starting with the question and then providing the affirmative answer followed by specific details about the author's works. There are no contradictions or omissions, and the additional context about memoirs doesn't…",Саксаганський_Панас_Карпович,1:Саксаганський Панас Карпович (0.843) | 2:Саксаганський Панас Карпович (0.838) | 3:Панас Саксаганський (монета) (0.825) | 4:Саксаганський Панас Карпович (0.818) | 5:Мушкетик Юрій Михайлович (0.817),"Саксаганський Панас Карпович: артистів». Впродовж 1910–1915 рр. гастролював у турах Т. Колесниченка та ін. З 1912 до 1940 року Саксаганський проживав у Києві в будинку на вулиці Жилянській, 96. У 1915–1916 роках працював у Товаристві українських акторів під орудою Івана Мар'яненка, з 1916 р. — у Товаристві Українських Акторів. 1918 року очолював Державний народний театр, який… || Саксаганський Панас Карпович: # Саксаганський Панас Карпович Пана́с Ка́рпович Саксага́нський (справжнє прізвище — Тобілевич; 15 (27) травня 1859, Кам'яно-Костувате на Херсонщині, тепер Миколаївська область — 17 вересня 1940, Київ) — визначний український актор, режисер, драматург і педагог школи Марка Кропивницьког…",correct,medium,"Main yes/no answer is correct and examples are correct, but the last one is truncated. output appears truncated by token limit (64)."
A004,oracle_qwen3_30b,oracle_full_dev_qwen3_30b_a3b,sk,477,Ktorý slovenský kraj ako jediný susedí s tromi krajinami?,Which Slovak region is the only one bordering three countries?,"Trnavský kraj ako jediný hraničí s tromi krajinami - Českom, Rakúskom a Mad'arskom.","The Trnava Region is the only one bordering three countries - the Czech Republic, Austria and Hungary.",Trnavský kraj.,INCORRECT,"The model's answer is correct in identifying Trnavský kraj as the only Slovak region bordering three countries. However, it lacks the additional information about which specific countries it borders with - Českom, Rakúskom, and Mad'arskom. While the model's answer is factually accurate regarding the region itself, it doesn't provide the full scope of the question asked, which includes the names of the neighboring countries. This omission makes the answer incomplete according to the scoring rubric, which requires the answer to contain all required facts. So the overall score is:",Trnavský_kraj,1:Trnavský kraj (0.161) | 2:Trnavský kraj (0.095) | 3:Trnavský kraj (0.081) | 4:Trnavský kraj (0.036),"Trnavský kraj: Trnavský kraj je kraj na západe Slovenska. Na západe susedí s Bratislavským krajom, na východe s Trenčianskym a Nitrianskym krajom, na severe s Českom (Juhomoravský kraj), Rakúskom (Dolné Rakúsko) a na juhu s Maďarskom (Rábsko-mošonsko-šopronská župa). Ako jediný kraj na Slovensku susedí s 3 štátmi. Má rozlohu 4 146,29 km² a k 31. 12. 2025 tu žilo… || Trnavský kraj: pre priemysel dodáva Jadrová elektráreň v Jaslovských Bohuniciach v okresoch Trnava, Hlohovec a Piešťany a vodná elektráreň v Gabčíkove, ktoré majú celoslovenský význam. V priemysle dominuje výroba osobných automobilov a elektrotechnická výroba, zastúpená najväčšmi závodmi Groupe PSA Slovakia (Peugeot-Citroen) a S…",correct,medium,"Main answer is correct, missing some reference details but not necessary for the question."
A005,embedding_qwen3_30b_top10,embedding_rag_qwen3_30b_a3b_e5_full_dev_retrieval_top10,sk,154,Ako sa volá najvyšší vrch Belianskych Tatier?,What is the name of the highest peak of the Beliany Tatras?,Havran,Havran,Najvyšší vrch Belianskych Tatier sa volá Havran.,CORRECT,"The model answer correctly identifies ""Havran"" as the name of the highest peak in the Belianske Tatry mountains, which aligns with the reference answer. The model's response includes the necessary information without any contradictions or additional irrelevant details that would make it incorrect. It maintains the semantic accuracy of the original question and provides the exact factual answer requested. Therefore, based on the scoring rubric criteria, the model answer meets all the requirements for correctness.",Havran_(vrch_v_Tatrách),1:Belianske Tatry (0.881) | 2:Bujačí vrch (Belianske Tatry) (0.867) | 3:Belianske Tatry (0.864) | 4:Havran (vrch v Tatrách) (0.863) | 5:Belianska kopa (0.862),"Belianske Tatry: # Belianske Tatry Belianske Tatry, v minulosti Belanské Tatry, Belanské Alpy, Belské Alpy, Belanské Vápencové Alpy, Ždiarske Tatry, Belské hole (poľ. Tatry Bielskie, nem. Kalkalpen, Bélaer Kalkalpen, Béler Tatra, maď. Bélai-havasok, Bélai Mészhavasok, Bélai Mészhegység, Bélai-Tátra) sú horské pásmo Východných Tatier na severozápade východného Slov… || Bujačí vrch (Belianske Tatry): # Bujačí vrch (Belianske Tatry) Bujačí vrch (1 946,9 m n. m.) je vrch Belianskych Tatier. Leží nad obcou Ždiar, približne 15 km severozápadne od Kežmarku. Nie je turisticky prístupný. ## Poloha Nachádza sa vo východnej časti pohoria, v geomorfologickom podcelku Východné Tatry a časti Belianske Ta…",correct,high,
A006,oracle_qwen3_30b,oracle_full_dev_qwen3_30b_a3b,cs,151,"Který internetový slovník, založení Martinem Kavkou, shromažďuje nové české výrazy a novotvary?","What online dictionary, founded by Martin Kavka, collects new Czech expressions and new words?",Čeština 2.0.,Čeština 2.0.,Čeština 2.0,CORRECT,"The model's answer is completely correct as it identifies ""Čeština 2.0"" as the internet dictionary founded by Martin Kavka that collects new Czech expressions and neologisms. The answer directly addresses all elements of the question without any contradictions or omissions. It provides the exact name of the dictionary, acknowledges its founder, and specifies its purpose, which aligns perfectly with the information sought in the question. There is no need to penalize the answer for including the dictionary's name alone, as it fully satisfies the requirements of the question. So the overall score is:",Martin_Kavka,1:Martin Kavka (0.259),"Martin Kavka: Martin Kavka (* 12. července 1977, Ostrava) je novinář, copywriter a copyeditor. V roce 2008 založil internetový slovník Čeština 2.0, který shromažďuje nové, neotřelé a zajímavé výrazy a novotvary. Společně s lexikografem Michalem Škrabalem je autorem knihy Hacknutá čeština: Neortodoxní slovník dnešní mateřštiny vydané v roce 2018. == Život a kari…",correct,high,
A007,oracle_qwen3_30b,oracle_full_dev_qwen3_30b_a3b,sk,457,V ktorom slovenskom meste pôsobí umelec Rastislav Podoba?,In which Slovak city is the artist Rastislav Podoba based?,V Banskej Bystrici.,In Banská Bystrica.,Rastislav Podoba pôsobí v Banskej Bystrici.,CORRECT,"The model answer correctly identifies that Rastislav Podoba works in Banská Bystrica, which matches the information provided in the reference answer. The answer is concise and directly addresses the question without any contradictions or additional irrelevant details. It uses the correct name of the city and maintains the same factual content as the reference. Therefore, based on the scoring rubric criteria, the model answer is semantically correct and provides the required information without any errors or omissions.",Rastislav_Podoba,1:Rastislav Podoba (0.215) | 2:Rastislav Podoba (0.115) | 3:Rastislav Podoba (0.071) | 4:Rastislav Podoba (0.064) | 5:Rastislav Podoba (0.032),"Rastislav Podoba: Doc. Mgr. art. Rastislav Podoba, ArtD. (* 11. október 1975, Bánovce nad Bebravou) je slovenský maliar. == Životopis == Rastislav Podoba žije a tvorí v Banskej Bystrici. V rokoch 1990 – 1994 študoval na Škole úžitkového výtvarníctva Josefa Vydru v Bratislave a neskôr, v rokoch 1996 – 2002 študoval na Vysokej škole výtvarných umení v Bratislave v at… || Rastislav Podoba: a jedným z troch ocenených Ceny Nadácie NOVUM. == Samostatné výstavy == 2023 Rastislav Podoba - Čas nasýtený vodou, Pistoriho palác, Bratislava, Slovensko 2022 Rastislav Podoba - Malý obraz lesa, Tatranská galéria Poprad, Vila Flóra, Starý Smokovec, Slovensko 2021 Rastislav Podoba - Soil, Atelier Loft, Nová…",correct,high,
A008,embedding_qwen3_30b_top10,embedding_rag_qwen3_30b_a3b_e5_full_dev_retrieval_top10,cs,328,Které město na severu Čech bylo těžce postiženo americkými nálety na konci II. světové války a érou rozsáhlých demolic a přestaveb během komunistického režimu?,Which town in northern Bohemia was badly affected by the American air raids at the end of World War II and the era of extensive demolitions and rebuilding during the communist regime?,Ústí nad Labem,Usti nad Labem,Kralupy nad Vltavou,INCORRECT,"The model's answer of ""Kralupy nad Vltavou"" is incorrect because it refers to a different city than the one that was heavily damaged by American bombings during World War II and the period of extensive demolitions and renovations under communist rule. The reference answer correctly identifies ""Ústí nad Labem"" as the city that fits these historical events. The model's answer does not contain any of the required facts about the bombing, the era of demolitions, or the communist regime. It provides a completely different location without any connection to the historical context asked in the question. So the overall score is:",Seznam_památek_v_Ústí_nad_Labem,1:Praha (0.833) | 2:Uherské Hradiště (0.831) | 3:Oběti nacistického Německa v Československu (0.831) | 4:Dějiny Plzně (0.830) | 5:Karlovy Vary (0.827),"Praha: kubistická – jedině v Praze přešel kubismus z malířských pláten do architektury (Pavel Janák, Josef Gočár, Josef Chochol), ambiciózním plánem bylo založení kubistického sídliště na Vyšehradě. ### Druhá světová válka Od 15. března 1939 byla Praha hlavním městem Protektorátu Čechy a Morava. Kulturní život byl ochromen; po incidentu, jehož obětí byl… || Uherské Hradiště: kultury, a nevzhledná „Výšková budova policie“ na Velehradské třídě, která musela být po oproti svému plánu snížena rozdělením na dvě části. Celý návrh vypracovalo projekční oddělení vojenských staveb.[27] Rok 1984 poznamenala tragédie v národním podniku MESIT, kde zřícení části výrobní haly a třípatrové budovy uvěznilo…",incorrect,high,"Model gives Kralupy nad Vltavou, but reference is Ústí nad Labem; retrieved context misses the gold page."
A009,embedding_tiny_aya_water_top5,embedding_rag_tiny_aya_water_e5_full_dev_retrieval_top5,sk,22,Koľko fakúlt má Vysoká škola múzických umení v Bratislave?,How many faculties does the Academy of Performing Arts in Bratislava have?,tri,three,"Vysoká škola múzických umení v Bratislave má tri fakulty: Divadelnú fakultu, Hudobnú a tanečnú fakultu a Filmovú a televíznu fakultu.",CORRECT,"The model answer provides the correct number of faculties at the Academy of Music and Performing Arts in Bratislava, which is three. It goes beyond the basic requirement by listing the specific faculties, including the Theatre faculty, Music faculty, Dance faculty, and Film and Television faculty. This additional information, while informative, does not detract from the accuracy of the core answer regarding the total number of faculties. The answer adheres to the scoring rubric's allowance for paraphrasing and harmless extra details, as it doesn't contradict the reference or introduce any incorrect information. Therefore, despite the extra context provided, the answer remains semantically c…",Vysoká_škola_múzických_umení_v_Bratislave,1:Vysoká škola múzických umení v Bratislave (0.900) | 2:Divadelná fakulta Vysokej školy múzických umení v Bratislave (0.848) | 3:Vysoká škola výtvarných umení v Bratislave (0.846) | 4:Akademie múzických umění v Praze (0.845) | 5:Filmová a televízna fakulta Vysokej školy múzických umení v Bratislave (0.845),"Vysoká škola múzických umení v Bratislave: # Vysoká škola múzických umení v Bratislave Súradnice: 48°08′33″S 17°06′23″V﻿ / ﻿48,142534°S 17,106324°V Vysoká škola múzických umení v Bratislave (VŠMU) je vysoká škola, ktorá na svojich fakultách vychováva odborníkov v oblastiach divadla, bábkarstva, hudby, tanca, filmu a televíznej tvorby. Bola založená v roku 1949 v Bratislave a nadviazala na… || Divadelná fakulta Vysokej školy múzických umení v Bratislave: # Divadelná fakulta Vysokej školy múzických umení v Bratislave Divadelná fakulta Vysokej školy múzických umení (skr. DF VŠMU) je jednou z troch fakúlt VŠMU v Bratislave. Založená bola v roku 1949. V rokoch 1990 až 2004 niesla meno Činoherná…",correct,high,
A010,oracle_qwen3_30b,oracle_full_dev_qwen3_30b_a3b,cs,294,Pomník kterého českého básníka je na Petříně?,The monument of which Czech poet is on Petřín?,Pomník Karla Hynka Máchy.,Monument to Karel Hynek Mácha.,Pomník Františka Němce je na Petříně.,INCORRECT,"The model's answer is incorrect because it provides information about a different poet, František Němec, instead of Karl Hynka Macha, who is the correct answer to the question. While the model includes the location ""Petříně,"" which is correct, the name of the poet is wrong. This omission of the correct poet's name makes the answer factually incorrect. Therefore, according to the scoring rubric, the model answer should be marked as INCORRECT due to providing a contradictory fact.",Petřínská_rozhledna,1:Petřínská rozhledna (0.186) | 2:Petřínská rozhledna (0.161) | 3:Petřínská rozhledna (0.154),"Petřínská rozhledna: Petřínské rozhledny skončilo v roce 1992 po zprovoznění Žižkovské televizní věže. Stále je v provozu FM rozhlasové vysílání (Evropa 2, ČRo Dvojka, RFI). Generální rekonstrukce rozhledny proběhla v letech 1999 až 2002 a přinesla také obnovení výtahu a zpřístupnění věže návštěvníkům na invalidním vozíku. Od roku 2020 je Petřínská rozhledna ve správě… || Petřínská rozhledna: uskutečněna první jízda. Trasa lanové dráhy dlouhá necelých čtyři sta metrů tehdy končila nad Nebozízkem. Jubilejní výstava v roce 1891 byla původně plánována jako všeobecná zemská výstava, avšak mnozí němečtí podnikatelé v Čechách se ji rozhodli bojkotovat. Stala se tedy přehlídkou rozvoje a vyspělost…",incorrect,high,"Model answer is incorrect: reference is Karel Hynek Mácha, but model answers František Němec. The current source page Petřínská rozhledna appears not to mention Karel Hynek Mácha or the monument, so this may be a source/evidence mismatch rather than a pure generation failure."
A011,oracle_qwen3_30b,oracle_full_dev_qwen3_30b_a3b,cs,28,Kteří dva herci jsou v hlavních rolích ve filmu Štěstí?,Which two actors are in the lead roles in the movie Štěstí?,Tatiana Vilhelmová a Pavel Liška.,Tatiana Vilhelmová a Pavel Liška.,Hlavní role ve filmu Štěstí (1965) sehráli Jean-Claude Drouot a Anna Karina.,INCORRECT,"The model's answer provides incorrect names of the actors who played the main roles in the film ""Štěstí"". The reference answer correctly identifies Tatiana Vilhelmová and Pavel Liška as the main actors, while the model incorrectly states that Jean-Claude Drouot and Anna Karina were the main actors. Additionally, the model includes an unnecessary detail about the year of the film, which doesn't affect the correctness of the answer but is irrelevant to the question asked. So the overall score is:",Štěstí_(film),1:Štěstí (rozcestník) (0.158),"Štěstí (rozcestník): Štěstí může znamenat: Štěstí – vnitřní pocit radostného a více méně trvalého vyplnění Štěstí (film, 1965) – francouzský film režisérky Agnès Vardy z roku 1965 Štěstí (film, 1973) – československý televizní film režiséra Jiřího Bělky z roku 1973 Štěstí (film, 1999) – americký film režiséra Todda Solondze z roku 1998 Štěstí (film, 2003) – kanadský f…",incorrect,high,"Model answer is incorrect: reference is Tatiana Vilhelmová and Pavel Liška for the 2005 Czech film, but model answers actors from Štěstí (1965). The context is a disambiguation page with several films named Štěstí, and the question does not specify the year, so this is a source/disambiguation ambiguity rather than a simple generation failure. M-P is correct, but the model was made to fail even when this was oracel."
A012,embedding_tiny_aya_water_top5,embedding_rag_tiny_aya_water_e5_full_dev_retrieval_top5,cs,512,Jaké je sídlo Západočeského kraje?,What is the capital of the West Bohemian Region?,Plzeň.,Plzeň,Sídlem Západočeského kraje byla Plzeň.,CORRECT,"The model's answer includes the correct factual information that Plzeň is the seat of the Západočeský kraj (South Bohemian Region). It provides the same essential information as the reference answer but adds the word ""byla,"" which indicates a past tense, though this doesn't change the core fact being stated. The addition of ""byla"" is a harmless extra detail that doesn't affect the correctness of the answer. Therefore, the model's answer meets the criteria for being marked as correct according to the rubric, as it contains the required entity without omitting any facts or introducing contradictions.",Západočeský_kraj,1:Západočeský kraj (0.871) | 2:Východočeský kraj (0.840) | 3:Západočeský seniorát (0.837) | 4:Západoslovenský kraj (0.830) | 5:Severočeský kraj (0.830),"Západočeský kraj: # Západočeský kraj Západočeský kraj je jedním z bývalých krajů Československa. Byl vytvořen 11. dubna 1960 zákonem o územním členění státu. Sídlem kraje byla Plzeň. Název kraje byl odvozen od jeho zeměpisné polohy v západní části Čech. Západočeský kraj zanikl 1. ledna 2021 nabytím účinnosti nového zákona o územně správním členění státu. Západočesk… || Východočeský kraj: # Východočeský kraj Východočeský kraj je bývalá správní jednotka Československa. Po zrušení krajských národních výborů v roce 1990 zůstal pouze jednotkou územního členění. V roce 2000 na jeho území vznikl Královéhradecký kraj, Pardubický kraj, část Libereckého kraje a část kraje Vysočina. S koncem roku 2020…",correct,high,
A013,embedding_tiny_aya_water_top5,embedding_rag_tiny_aya_water_e5_full_dev_retrieval_top5,uk,362,За що був ув'язнений Сергій Корольов?,What was Sergei Korolev imprisoned for?,Сергій Корольов був ув'язнений за підозрою співучасті у контрреволюційній троцькістськії організації всередині РНДІ.,Sergei Korolev was imprisoned on suspicion of complicity in a counter-revolutionary Trotskyist organization within the RNDI.,Сергій Корольов був ув'язнений за державну зраду.,INCORRECT,"The model's answer is incorrect because it provides a different reason for Sergey Korolyov's imprisonment than what was stated in the reference. While the reference specifies that he was imprisoned for suspected participation in a counter-revolutionary Trotskyist organization within the NKVD, the model answer incorrectly states that he was imprisoned for treason. This is a significant deviation from the actual historical facts and therefore cannot be considered correct. So the overall score is:",Корольов_Сергій_Павлович,1:Царьов Олег Анатолійович (0.825) | 2:Лошкарьов Сергій Леонідович (0.823) | 3:Зора Корольов (0.821) | 4:Клюєв Сергій Борисович (0.818) | 5:Корольов Ігор Борисович (0.818),"Царьов Олег Анатолійович: і не повернула до МЗС паспортний документ у передбачений законодавством термін». 23 вересня 2015 року СБУ викликала на допит Царьова, повістку було опубліковано на сайті СБУ. Царьова викликали як підозрюваного, проте в повістці не зазначено як підозрюваний за якою статтею Кримінального кодексу України. 30 жовтня Шевченківський районний суд Києва в… || Лошкарьов Сергій Леонідович: # Лошкарьов Сергій Леонідович Лошкарьов Сергій Леонідович (рос. Лошкарёв Сергей Леонидович; нар. 5 грудня 1983, Новочеркаськ, Ростовська область) — козацький та екологічний активіст з міста Новочеркаська. Відомий також під псевдонімами Ажинов та Білогвардієць. ## Діяльність Був одним з най…",correct,medium,"Broadly answers the main question as state treason, which is compatible with the political accusation, but omits the specific reference detail about suspected involvement in a counter-revolutionary Trotskyist organization within RNDI. This is a specificity mismatch: our generation prompt asks for concise, straight-to-the-point answers, while this reference gives the main answer plus extra detail. M-Prometheus may be too strict if correctness means answering the main question, but reasonable if correctness means matching the full reference specificity. This shows how hard judging open-ended QA is when reference answers vary: some references are short and direct, while others include detailed explanations or extra context. A better prompt-design process would sample development references first and decide whether the model should answer with only the core fact or match the level of detail in the references. Even then, reference-author style may be inconsistent, so a single binary judge rubric can still penalize concise answers unfairly. Also, Although all generators received the same answer prompt, model families may interpret the instruction differently. "
A014,oracle_qwen3_30b,oracle_full_dev_qwen3_30b_a3b,uk,294,Хто є найбільшим оператором фіксованого зв'язку в Україні?,Who is the largest fixed-line operator in Ukraine?,Укртелеком,Ukrtelecom,Найбільшим оператором фіксованого зв'язку в Україні є «Укртелеком».,CORRECT,"The model answer correctly identifies ""Укртелеком"" as the largest fixed-line telecommunications operator in Ukraine, which aligns with the reference answer. The answer includes all necessary information without any contradictions or vagueness. It uses the proper name of the company and provides the correct context regarding its role in the Ukrainian telecommunications market. The addition of quotation marks around the company name is a minor stylistic choice that doesn't affect the semantic correctness of the answer. So the overall score is:",Укртелеком,1:Укртелеком (0.141) | 2:Укртелеком (0.092) | 3:Укртелеком (0.062) | 4:Укртелеком (0.060) | 5:Укртелеком (0.056),"Укртелеком: |стиль_картки= |footnotes= «Укртелеко́м» (ПФТС: UTLM, Українська біржа: UTLM) — українська телекомунікаційна компанія на ринку комплексних послуг, найбільший в країні оператор фіксованого зв'язку. Компанія надає практично всі види сучасних телекомунікаційних послуг — телефонний зв'язок; доступ до Інтернету; інтерактивне телебачення. == Діяльність… || Укртелеком: а по кількості переданих площ в оренді більше ніж 530 тис м2 вийшли на рівень, котрий перевищив обсяг до початку повномасштабного вторгнення. == Зарядні станції == Новим напрямком діяльності АТ «Укртелеком» стало відкриття станцій зарядки електромобілів у співпраці з мережею електричних зарядних станцій «IONITY». Проєкт…",correct,high,
A015,embedding_tiny_aya_water_top5,embedding_rag_tiny_aya_water_e5_full_dev_retrieval_top5,uk,313,Яка рослина є символом Київа?,What plant is the symbol of Kyiv?,Дерево каштану,Chestnut tree,"Символом Києва є Архангел Михаїл із вогняним мечем та щитом, на якому є хрест.",INCORRECT,"The model's answer is incorrect because it provides information about the symbol of Kyiv that is not related to a plant. While it mentions a symbol of Kyiv (the Archangel Michael), it fails to mention the actual plant that is the symbol of the city, which is the oak tree (каштан). The answer introduces an entirely unrelated element (the Archangel) and thus does not provide the correct factual information requested in the question. So the overall score is:",Київ,1:Герб Києва (0.842) | 2:Київ (0.840) | 3:Перелік символів Києва (0.839) | 4:Київська міська виставка квітів (0.839) | 5:Офіційний перелік регіонально рідкісних рослин Києва (0.838),"Герб Києва: # Герб Києва Герб Ки́єва — геральдичний символ столиці України міста Києва. Чинний герб міста був затвержений та встановлений на фасаді будинку мерії 1995 року. На гербі Києва зображений срібний Архангел Михаїл із вогняним мечем та щитом, на якому є хрест, на синьому давньоруському (варязькому) щиті. Меч символізує захист, золотий хрест — символ с… || Київ: час була неофіційним народним гімном. Під час святкування Дня Києва 30 травня 2015 року на Софійській площі близько 3 тисяч учасників разом із міським головою Віталієм Кличком взяли участь у встановленні всеукраїнського рекорду із наймасовішого виконання цієї пісні. Також Києву присвячена «Пісня про Київ» заслуженого артиста…",incorrect,high,"Incorrect. The retrieved set includes the gold page Київ at rank 2, but the top-ranked chunk is Герб Києва and discusses Archangel Michael as the heraldic symbol of Kyiv. The model appears to follow this salient distractor and answers a general city-symbol question instead of the plant-specific question. This is a retrieval/evidence-selection failure rather than a missing-page failure, and it shows why gold-page hit rate can overestimate true answer availability."
A016,embedding_qwen3_30b_top10,embedding_rag_qwen3_30b_a3b_e5_full_dev_retrieval_top10,uk,202,Чому Затишний проїзд у Житомирі назвали саме так?,Why was Zatyshnyi Passage in Zhytomyr named this way?,Тому що поряд знаходиться хутор Затишшя.,Because the Zatyshshia farm is located nearby.,"Затишний проїзд у Житомирі назвали саме так, тому що він виник і почав забудовуватися неподалік хутора Затишшя.",CORRECT,"The model answer provides a complete explanation for why Zatishnyi Proezd in Zhytomyr was named that way, mentioning its proximity to the village of Zatishya. This directly addresses the question asked without any contradictions or vagueness. The additional information about the road's development and construction is relevant but not essential to the core answer. The answer includes all the necessary elements from the reference (the name of the street, the city, and the reason for the name) while providing a more detailed context. So the overall score is:",Затишний_проїзд_(Житомир),1:Затишний проїзд (Житомир) (0.920) | 2:Тихий проїзд (Житомир) (0.883) | 3:Тихий провулок (Житомир) (0.875) | 4:Радомишльський проїзд (Житомир) (0.867) | 5:Зручний проїзд (Житомир) (0.867),"Затишний проїзд (Житомир): # Затишний проїзд (Житомир) Затишний проїзд — проїзд в Корольовському районі міста Житомир. ## Розташування Знаходиться на теренах Смоківки — Мар'янівки, неподалік хутора Затишшя. З'єднує Мар'янівську вулицю з 5-ю Мар'янівською лінією. ## Історія Рішенням Житомирського міськвиконкому № 309 від 29 вересня 1989 року проїзду в новому масиві на Мар'ян… || Тихий проїзд (Житомир): # Тихий проїзд (Житомир) Тихий проїзд — проїзд в Корольовському районі міста Житомира. ## Характеристики Знаходиться на Путятинці. Бере початок з вулиці Івана Мазепи. Г-подібний на плані. Прямує на північний схід, затим повертає на північний захід. Завершується виходом до вулиці Корольова. Заб…",correct,high,
A017,oracle_qwen3_30b,oracle_full_dev_qwen3_30b_a3b,cs,42,Kdo byl režisérem filmu Cesta do hlubin študákovy duše?,Who was the director of the movie Journey to the depths of a student's soul?,Martin Frič.,Martin Frič.,Režisérem filmu Cesta do hlubin študákovy duše byl Martin Frič.,CORRECT,"The model answer correctly identifies Martin Frič as the director of the film ""Cesta do hlubin študákovy duše."" It includes the full name of the director without any contradictions or omissions. The answer is semantically correct and provides the exact information requested in the question. There are no additional details that would make the answer more specific than necessary, and the inclusion of the film title is appropriate given the context. So the overall score is:",Cesta_do_hlubin_študákovy_duše,1:Cesta do hlubin študákovy duše (0.178),"Cesta do hlubin študákovy duše: Cesta do hlubin študákovy duše je česká filmová komedie. V roce 1939 ji natočil režisér Martin Frič podle stejnojmenné knižní předlohy Jaroslava Žáka. Film ukazuje komické příhody vyplývající z různosti studentů (Ladislav Pešek, Rudolf Hrušínský, František Filipovský, Richard Strejka, Vladimír Salač), jejich zájmů a libůstek na jedné straně, a jej…",correct,high,
A018,oracle_qwen3_30b,oracle_full_dev_qwen3_30b_a3b,uk,306,Вихід до скількох морів має Україна?,How many seas does Ukraine have access to?,До двох: Чорне та Азовське,Up to two: Black and Azov seas,Україна має вихід до одного моря — Чорного моря.,INCORRECT,"The model's answer is incorrect because it states that Ukraine has access to only one sea, the Black Sea, while the reference answer correctly identifies that Ukraine has access to two seas: the Black Sea and the Azov Sea. The model's omission of the Azov Sea is a significant factual error, as both bodies of water are indeed part of Ukraine's maritime borders. Therefore, the model's answer fails to provide the complete information requested in the question.",Чорне_море,1:Чорне море (0.065) | 2:Чорне море (0.065) | 3:Чорне море (0.062) | 4:Чорне море (0.062) | 5:Чорне море (0.058),"Чорне море: частину Півдня України та поширив свої володіння над Чорним морем, що й уможливило відновити українські колонізаційні заходи, зокрема простежується багато новозаснованих укріплень і митних городів над долішніми течіями Дніпра (замок Св. Івана), Дністра, Бога, порт у Хаджибеї тощо. Ці тимчасові здобутки були втрачені, коли після розпаду Золотої Орд… || Чорне море: шарі й зростає до ~22 ‰ на глибині 730 м; глибше залишається майже такою ж до самого дна. За температурним показником води моря розподіляються на два нерівні шари: верхній — до глибини приблизно 60–80 м і нижній від 80 м до самого дна, який зберігає майже незмінну температуру — близько +9 °C. Взимку температура води вер…",incorrect,high,"Incorrect. The reference answer is two seas: the Black Sea and the Azov Sea, but the model answers only the Black Sea. This is an Oracle case where the gold page is correct, but the selected chunks do not foreground the clearest answer-bearing sentence. The prompt contains only an indirect mention of the Azov Sea in a historical passage, while most retrieved Oracle chunks focus on the Black Sea itself. This shows that Oracle RAG is still limited by within-page chunk selection: the correct article can be available, but the model may fail if the relevant sentence is not salient in the selected context."
A019,embedding_qwen3_30b_top10,embedding_rag_qwen3_30b_a3b_e5_full_dev_retrieval_top10,sk,446,Kde sa začína Vrbovský kanál?,Where does the Vrbovský canal begin?,"Začína pri obci Žaluzice, na východnom Slovensku.","It begins next to the commune of Žaluzice, in Eastern Slovakia.",Vrbovský kanál sa začína sútokom dvoch zdrojníc v severnej časti poľnohospodárskeho extravilánu obce Vrbová nad Váhom.,CORRECT,"The model answer provides a more detailed description of where the Vrbovský canal starts, mentioning that it begins with two sources in the northern part of the agricultural estate of the village Vrbová nad Váhom. This additional information about the sources and the agricultural estate does not contradict the reference answer but rather provides more context. The reference answer correctly identifies the starting point as being near the village of Žaluzice, which is indeed located in the eastern part of Slovakia. The model's mention of Vrbová nad Váhom, while not directly stated in the reference, is a nearby location that could be considered equivalent in terms of geographical context. The…",Vrbovský_kanál_(prítok_Čečehovského_kanála),1:Vrbovský kanál (prítok Lándorského kanála) (0.866) | 2:Vrbovec (prítok Hrona) (0.860) | 3:Vrbovský kanál (prítok Čečehovského kanála) (0.858) | 4:Hričovský kanál (0.846) | 5:Vrbovský potok (prítok Popradu) (0.845),"Vrbovský kanál (prítok Lándorského kanála): # Vrbovský kanál (prítok Lándorského kanála) Vrbovský kanál je kanál v regióne Podunajsko na území obce Vrbová nad Váhom a mesta Komárno v okrese Komárno v Nitrianskom kraji. Nachádza sa v geomorfologickom celku Podunajská rovina. Ústi do Lándorského kanála. Má dĺžku 10,5 km. ## Začiatok Začína sa sútokom dvoch zdrojníc v severnej časti poľnohospo… || Vrbovec (prítok Hrona): # Vrbovec (prítok Hrona) Vrbovec je vodný tok vo východnej časti Podunajskej nížiny, preteká územím okresu Levice. Je to pravostranný prítok Hrona, meria 23,2 km a je tokom III. rádu. Vzniká v Hronskej pahorkatine, juhozápadne od obce Lok, pod kótou 170,5 m. Tečie viac-menej j…",uncertain,high,"Ambiguous item. There are at least two Slovak watercourses named Vrbovský kanál. The reference and gold source page refer to Vrbovský kanál, prítok Čečehovského kanála, which begins near Žaluzice/Zalužice in eastern Slovakia. The model answer instead matches Vrbovský kanál, prítok Lándorského kanála, which begins at the confluence of two source streams near Vrbová nad Váhom. The answer is factually correct for a different entity with the same name, but not for the intended CUS-QA source page. I mark this uncertain rather than simply incorrect because the bare question is ambiguous without the disambiguating page title."
A020,embedding_llama31_8b_top10,embedding_rag_llama31_8b_e5_full_dev_retrieval_top10,uk,25,На якій річці стоїть місто Житомир?,What river does the city of Zhytomyr stand on?,На річці Тетерів,On the Teteriv River,Річка Тетерів.,CORRECT,"The model's answer ""Річка Тетерів."" is semantically correct as it identifies the river that the city of Zhytomyr stands on, which is indeed the River Teteriv. The answer is concise and does not contain any contradictions or additional irrelevant information. It uses a slightly different form of the word ""river"" (""річка"" instead of ""річка""), but this is acceptable as it doesn't change the meaning. The answer is also complete, providing the exact information requested without being overly verbose or vague. So the overall score is:",Житомир,1:Житомир (0.878) | 2:Житомир (0.870) | 3:Житомир (0.870) | 4:Житомир (0.870) | 5:Житомир (0.870),"Житомир: # Житомир Житомир (МФА: [ʒeˈtɔmer] ( прослухати)) — місто на Півночі України, адміністративний центр Житомирської області та Житомирського району, центр Житомирської міської громади. Населення — 261,6 тис. осіб (01.01.2022), територія — 61 км². Місто поділяється на Богунський та Корольовський райони. Житомир є важливим транспортним вузлом: через м… || Житомир: # Житомир Житомир (МФА: [ʒeˈtɔmer] ( прослухати)) — місто на Півночі України, адміністративний центр Житомирської області та Житомирського району, центр Житомирської міської громади. Населення — 261,6 тис. осіб (01.01.2022), територія — 61 км². Місто поділяється на Богунський та Корольовський райони. Житомир є важливим трансп…",correct,high,
A021,embedding_tiny_aya_water_top5,embedding_rag_tiny_aya_water_e5_full_dev_retrieval_top5,sk,260,Kto sa po parlamentných voľbách 2023 stal ministrom kultúry Slovenskej republiky?,Who became the minister of culture of the Slovak Republic after the parliamentary elections of 2023?,Martina Šimkovičová,Martina Šimkovičová,Silvia Hroncová.,INCORRECT,"The model's answer is incorrect because it provides the name of Silvia Hroncová instead of Martina Šimkovičová, who was actually elected as the Minister of Culture of the Slovak Republic after the parliamentary elections in 2023. This is a direct contradiction to the factual information that needs to be provided. Therefore, the model's answer fails to meet the criteria for correctness as per the score rubric, which requires the answer to contain the same factual information as the reference, without any contradictions.",Ministerstvo_kultúry_Slovenskej_republiky,1:Ministerstvo kultúry Slovenskej republiky (0.871) | 2:2025 na Slovensku (0.852) | 3:Zuzana Čaputová (0.852) | 4:Zuzana Čaputová (0.852) | 5:Zuzana Čaputová (0.852),"Ministerstvo kultúry Slovenskej republiky: # Ministerstvo kultúry Slovenskej republiky Súradnice: 48°08′43″S 17°06′34″V﻿ / ﻿48,145272°S 17,109562°V Ministerstvo kultúry Slovenskej republiky (medzi 1. júlom 2010 a 31. októbrom 2010 Ministerstvo kultúry a cestovného ruchu Slovenskej republiky) je ústredným orgánom štátnej správy Slovenskej republiky pre oblasť kultúry. ## Pôsobnosť ministers… || 2025 na Slovensku: Pellegrini vymenoval Samuela Migaľa za ministra ministra investícií, regionálneho rozvoja a informatizácie SR.[23] - 25. marec – vláda vyhlásila mimoriadnu situáciu kvôli epidémii slintačky a krívačky.[24] - 26. marec – za predsedu Národnej rady SR bol 79 hlasmi zvolený Richard Raši…",incorrect,high,"Incorrect. The correct answer Martina Šimkovičová is present in the top-1 retrieved page/chunk: “Súčasnou ministerkou je od 25. októbra 2023 Martina Šimkovičová.” However, the prompt also includes repeated Zuzana Čaputová chunks mentioning Silvia Hroncová as minister of culture in an earlier/caretaker-government context. Tiny Aya Water appears to follow this plausible distractor instead of the question-specific 2023 post-election evidence. This is not a missing-page failure; it is an evidence-selection/distractor failure despite correct evidence being present."
A022,embedding_qwen3_30b_top10,embedding_rag_qwen3_30b_a3b_e5_full_dev_retrieval_top10,uk,313,Яка рослина є символом Київа?,What plant is the symbol of Kyiv?,Дерево каштану,Chestnut tree,Символом Києва є Архангел Михаїл.,INCORRECT,"The model's answer is incorrect because it provides a completely different symbol of Kyiv than what was asked. The question asks about a plant that serves as the symbol of Kyiv, but the model instead mentions Saint Michael the Archangel, which is not a plant and is not recognized as the city's symbol. Additionally, the model fails to mention any plant at all, which is the key element missing from its response. Therefore, the answer does not meet the criteria for being marked as correct according to the rubric.",Київ,1:Герб Києва (0.842) | 2:Київ (0.840) | 3:Перелік символів Києва (0.839) | 4:Київська міська виставка квітів (0.839) | 5:Офіційний перелік регіонально рідкісних рослин Києва (0.838),"Герб Києва: # Герб Києва Герб Ки́єва — геральдичний символ столиці України міста Києва. Чинний герб міста був затвержений та встановлений на фасаді будинку мерії 1995 року. На гербі Києва зображений срібний Архангел Михаїл із вогняним мечем та щитом, на якому є хрест, на синьому давньоруському (варязькому) щиті. Меч символізує захист, золотий хрест — символ с… || Київ: час була неофіційним народним гімном. Під час святкування Дня Києва 30 травня 2015 року на Софійській площі близько 3 тисяч учасників разом із міським головою Віталієм Кличком взяли участь у встановленні всеукраїнського рекорду із наймасовішого виконання цієї пісні. Також Києву присвячена «Пісня про Київ» заслуженого артиста…",incorrect,high,"Incorrect. This is the same failure type as A015 (tiny aya water). The correct evidence is present in the retrieved context: the Київ chunk says that the chestnut symbolizes Kyiv as a city-park. However, the top-ranked chunk Герб Києва strongly foregrounds Archangel Michael as a symbol of Kyiv, and the top-10 context also includes other city-symbol distractors. The model follows the salient general-symbol evidence and ignores the question constraint that asks specifically for a plant. This is an evidence-selection/distractor failure, not a missing-evidence failure. Even for a stronger model. "
A023,embedding_tiny_aya_water_top5,embedding_rag_tiny_aya_water_e5_full_dev_retrieval_top5,cs,374,"Kdo byl jediným českým králem, který nepocházel z panovnické dynastie?",Who was the only Czech king who did not come from a ruling dynasty?,Jiří z Poděbrad.,George of Poděbrady,"Prvním českým králem byl Vratislav II. (1061–1092), který byl korunován v roce 1085. Dědičný královský titul získal až Přemysl Otakar I. v roce 1198.",INCORRECT,"The model's answer is incorrect because it provides information about Vratislav II and Přemysl Otakar I, who were not the only Czech kings outside of the royal dynasty. The question specifically asks for the single Czech king who was not from the royal dynasty, which is Jiří z Poděbrad. The model's answer fails to mention Jiří z Poděbrad at all and instead gives details about two other kings who were part of the royal dynasty. This omission of the key fact makes the answer incomplete and therefore incorrect. So the final label is:",Jiří_z_Poděbrad,1:České království (0.836) | 2:Český král (0.836) | 3:Český král (0.832) | 4:Český král (0.830) | 5:Seznam nejdéle vládnoucích českých králů (0.829),"České království: # České království České království či Království české (německy Königreich Böhmen, latinsky Regnum Bohemiae) byl státní útvar v čele s králem na území Čech od 12. století do roku 1918. K Českému království byly v různých obdobích přidruženy další historické země, především Moravské markrabství, slezská knížectví a Lužice. Země pod vládou českého… || Český král: # Český král Český král je označení panovníků Českého království, respektive všech dědičných zemí Koruny české. Mnozí čeští králové byli současně panovníky dalších zemí (císaři Svaté říše římské, králové Polského, Uherského, či Chorvatského království, vévodové rakouských zemí – štýrští, korutanští a kraňští ad.) P…",incorrect,high,"Incorrect. The intended answer is Jiří z Poděbrad, but the retrieved context does not include the gold page Jiří_z_Poděbrad and the prompt does not contain “Jiří” or “Poděbrad.” Instead, retrieval returns broad pages about České království and Český král, with chunks discussing the first Czech kings and hereditary royal title. The model answers from this retrieved context by mentioning Vratislav II and Přemysl Otakar I. This is primarily a retrieval/chunk-selection failure: the broad page České království contains a later section on Jiří z Poděbrad, but the selected chunk does not include that answer-bearing section."
A024,oracle_qwen3_30b,oracle_full_dev_qwen3_30b_a3b,sk,74,"Ktorá hudobná skupina vydala album s názvom ""Svetlo na druhom brehu""?","Which music group released an album called ""Light on the second shore""?",Metalinda,Metalinda,Metalinda,CORRECT,"The model's answer is completely accurate and directly matches the reference answer. It correctly identifies Metalinda as the musical group that released the album ""Svetlo na druhom brehu"". There is no additional information provided that contradicts the reference, nor is there any omission of key facts. The answer is concise and to the point, providing the exact information requested without unnecessary elaboration. So the overall score is:",Svetlo_na_druhom_brehu,1:Svetlo na druhom brehu (0.157),"Svetlo na druhom brehu: Svetlo na druhom brehu je tretí album od Metalindy, vydaný v roku 1992. Pochádza z neho najznámejší hit kapely, „Slnko nevychádzaj“, ďalšie videoklipy boli natočené aj k piesňam „Angie“ a „Tak aspoň chvíľu to so mnou skús“. Po vydaní albumu nahradil Matina Cepku Márius Bartoň. == Zoznam skladieb == Texty okrem uvedených napísal Pavol Jursa, hudbu…",correct,high,
A025,embedding_tiny_aya_water_top5,embedding_rag_tiny_aya_water_e5_full_dev_retrieval_top5,cs,265,Jak vysoká je hora Plechý nacházející se v Šumavském pohoří?,How high is the Plechý mountain belonging to the Šumava mountain range?,1378 m.,1378 m.,"Plechý je nejvyšší hora v Šumavském pohoří, nacházející se na česko-rakouské hranici.",INCORRECT,"The model answer provides additional information about Plechý being the highest mountain in the Šumavské pohoří range and its location at the Czech-Austrian border. While this extra context is not directly asked for in the question, it doesn't contradict any facts and is relevant to the geographical context of the mountain. However, the model answer fails to provide the specific height of the mountain, which was the core request in the question. The question specifically asks for the height of the mountain, and while the model answer gives some related information, it omits the crucial numerical fact that was asked for. Therefore, the model answer is not fully correct because it does not pr…",Plechý,1:Plechý (0.884) | 2:Národní park Šumava (0.863) | 3:Národní park Šumava (0.857) | 4:Plechý (0.857) | 5:Plechowa Góra (0.851),"Plechý: # Plechý Plechý (německy Plöckenstein) je 1378 m vysoká hora ležící v pohoří Šumava na česko-rakouské hranici. Je pátým nejvyšším vrcholem na Šumavě, nejvyšším vrcholem české i rakouské části Šumavy a zároveň i nejvyšším vrcholem Jihočeského kraje a hornorakouského Mühlviertelu. Zároveň je devátou nejizolovanější českou horou. Severní svahy Pleché… || Národní park Šumava: # Národní park Šumava Národní park Šumava (NPŠ) je národní park v Česku. Vyhlášen byl v roce 1991. Jeho rozloha činí 685 km² a je tak největším českým národním parkem. Chráněné území zahrnuje pohoří Šumava na jihozápadě Čech, podél česko-německé státní hranice. Hlavním předmětem ochrany jsou jedinečná, nerušeně se…",incorrect,high,"Incorrect. The correct height, 1378 m, is clearly present in the top retrieved chunk: “Plechý ... je 1378 m vysoká hora,” and it also appears in other retrieved Šumava chunks. The model gives true related information about Plechý being the highest mountain in the Šumava range and lying on the Czech-Austrian border, but it omits the numeric height that the question asks for. This is not a retrieval failure; it is an answer-extraction failure where Tiny Aya fails to return the specific requested value despite the evidence being present."
A026,embedding_qwen3_30b_top10,embedding_rag_qwen3_30b_a3b_e5_full_dev_retrieval_top10,sk,173,Ktorá spisovateľka mala pseudonym Ivo Medin?,Which writer had the pseudonym Ivo Medin?,Mária Rázusová-Martáková,Mária Rázusová-Martáková,Eva Borušovičová mala pseudonym Ivo Medin.,INCORRECT,"The model's answer is incorrect because it provides a different author name than the reference. While Eva Borušovičová is indeed a writer, she did not have the pseudonym Ivo Medin. The reference answer correctly identifies Mária Rázusová-Martáková as the author with that pseudonym. The model's answer fails to match the factual information provided in the reference, thus it does not meet the criteria for correctness based on the scoring rubric.",Mária_Rázusová-Martáková,1:Maxim E. Matkin (0.838) | 2:Maxim E. Matkin (0.838) | 3:Mária Rázusová-Martáková (0.838) | 4:Ivona Krajčovičová (0.831) | 5:Ivona Krajčovičová (0.828),"Maxim E. Matkin: # Maxim E. Matkin Maxim E. Matkin je umelecký pseudonym slovenskej spisovateľky Evy Borušovičovej. Okrem jej vydaných románov a zbierky článkov je v rôznych časopisoch možné zhliadnuť jej psychologické poradne. ## Dielo - 2002 – Polnočný denník (Slovart, ISBN 80-7145-671-3) - 2004 – Láska je chyba v programe (Slovart, ISBN 80-7145-925-9) - 2005 –… || Maxim E. Matkin: # Maxim E. Matkin Maxim E. Matkin je umelecký pseudonym slovenskej spisovateľky Evy Borušovičovej. Okrem jej vydaných románov a zbierky článkov je v rôznych časopisoch možné zhliadnuť jej psychologické poradne. ## Dielo - 2002 – Polnočný denník (Slovart, ISBN 80-7145-671-3) - 2004 – Láska je chyba v programe (S…",incorrect,high,"Incorrect. The correct evidence is present at rank 3: the Mária Rázusová-Martáková chunk states that her pseudonyms include Ivo Medin. However, ranks 1 and 2 are Maxim E. Matkin chunks saying that Maxim E. Matkin is the pseudonym of writer Eva Borušovičová. The model follows this higher-ranked pseudonym distractor and incorrectly combines Eva Borušovičová with the question’s pseudonym Ivo Medin. This is a retrieval-ranking/evidence-selection failure: the answer-bearing page is present, but a semantically similar top-ranked distractor dominates the generation."
A027,embedding_llama31_8b_top10,embedding_rag_llama31_8b_e5_full_dev_retrieval_top10,cs,102,Uveďte jméno největší a nejobsáhlejší české fyzické encyklopedie:,Name the largest and most comprehensive Czech material encyclopedia:,Ottův slovník naučný,Otto's dictionary,"Největší a nejobsáhlejší česká fyzická encyklopedie je Malá československá encyklopedie, která obsahuje asi 110 000 hesel a vyšla v šesti svazcích v letech 1984–1987.",INCORRECT,"The model's answer is incorrect because it provides information about the ""Malá československá encyklopedie,"" which is not the correct answer to the question asked. The question specifically asks for the name of the largest and most comprehensive Czech physical encyclopedia, and the reference answer correctly identifies ""Ottův slovník naučný"" as the answer. The model's answer includes additional details about the number of entries and publication years, but these facts are irrelevant since the encyclopedia mentioned is not the correct one. Therefore, despite the extra context being harmless, the inclusion of the wrong encyclopedia title makes the answer incorrect. So the overall score is:",Ottův_slovník_naučný,1:Seznam českých encyklopedií (0.853) | 2:Všeobecná encyklopedie v osmi svazcích (0.852) | 3:Vladimír Malíšek (0.850) | 4:Josip Kleczek (0.850) | 5:Masarykův slovník naučný (0.850),"Seznam českých encyklopedií: | | | Malá československá encyklopedie | 1984–1987 | 6 svazků | 110 000 | | | Encyklopedický slovník | 1993 | 1 svazek, 1456 stran | 30, 35 a 45 tisíc | Připravil Encyklopedický ústav Československé akademie věd. Vydal Encyklopedický dům a Odeon. Další vydání: Třísvazková Ilustrovaná encyklopedie (1995), Česká multimediální encyklopedie (1995, na… || Všeobecná encyklopedie v osmi svazcích: # Všeobecná encyklopedie v osmi svazcích Všeobecná encyklopedie v osmi svazcích, zvaná též Encyklopedie Diderot, je česká encyklopedie o rozsahu osmi svazků, která obsahuje přibližně 100 000 hesel a 8 000 převážně barevných ilustrací, map, grafů a tabulek. Vyšla v roce 1999 v…",incorrect,high,"Incorrect. The intended answer is Ottův slovník naučný. The retrieved context includes the correct source page Seznam českých encyklopedií, but the top-ranked chunk foregrounds a later table row for Malá československá encyklopedie with 110,000 entries and 6 volumes. The correct row for Ottův slovník naučný appears lower in the prompt at rank 6 and lists 28 volumes and 140,000–186,000 entries. The model selects the salient top-ranked but wrong table row. This is a table-structure/ranking failure: the evidence is available, but the chunked plain-text table makes the comparison hard and the correct row is not prominent."
A028,embedding_qwen3_30b_top10,embedding_rag_qwen3_30b_a3b_e5_full_dev_retrieval_top10,uk,290,"Хто є композитором всесвітньо-відомої української щедрівки ""Щедрик""(Carol of the Bells)?",Who is the composer of the world-famous Ukrainian carol Carol of the Bells?,Микола Леонтович,Mykola Leontovych,"Композитором всесвітньо-відомої української щедрівки ""Щедрик"" (Carol of the Bells) є Микола Леонтович.",CORRECT,"The model answer correctly identifies Nikolay Leontovich as the composer of the world-famous Ukrainian carol ""Shchedryk"" (""Carol of the Bells""). It includes all the necessary information without any contradictions or vagueness. The answer is semantically correct and provides the exact name of the composer, which matches the reference answer. The inclusion of the alternative English title ""Carol of the Bells"" is a relevant addition that enhances the answer's completeness without altering its accuracy. So the overall score is:",Щедрик_(Леонтович),1:Carol of the Bells (0.892) | 2:Щедрик (Леонтович) (0.883) | 3:Щедрик (Леонтович) (0.839) | 4:Щедрик (Леонтович) (0.839) | 5:Леонтович Микола Дмитрович (0.832),"Carol of the Bells: # Carol of the Bells «Carol of the Bells» — популярна різдвяна пісня на музику українського композитора Миколи Леонтовича, створена в 1914 році (третя версія) на слова Петра Вільговського. За основу взята українська народна щедрівка Щедрик. Слова Вільговського захищені авторським правом (Carl Fischer Music), музика є суспільним надбанням. ## Перед… || Щедрик (Леонтович): # Щедрик (Леонтович) «Ще́дрик» — всесвітньо відомий твір для хору українського композитора Миколи Леонтовича, створений на початку XX століття. Після гастролей хору Олександра Кошиця в країнах Європи у 1919 році (Чехословаччина, Австрія, Швейцарія, Франція, Бельгія, Нідерланди, Велика Британія, Німеччина…",correct,high,
A029,embedding_tiny_aya_water_top5,embedding_rag_tiny_aya_water_e5_full_dev_retrieval_top5,sk,278,Ktorý okres na Slovensku je najväčší?,Which Slovakian district is the largest?,Okres Levice.,Levice district.,Najväčší okres na Slovensku je okres Bratislava I.,INCORRECT,"The model's answer is incorrect because it provides the wrong information about the largest district in Slovakia. While it correctly identifies that Bratislava I is a district, it incorrectly states that it is the largest district. In reality, the largest district in Slovakia is Levice. The model's answer includes a factual element (Bratislava I being a district) but fails to provide the correct information regarding its size. So the overall score is:",Levice_(Slovensko),"1:Okres (Slovensko) (0.874) | 2:Bratislavský kraj (0.858) | 3:Mestský okres (Slovensko) (0.853) | 4:Okres (Slovensko) (0.850) | 5:Okres (Slovensko, 1940 – 1945) (0.849)","Okres (Slovensko): # Okres (Slovensko) Okres je druhá najmenšia administratívna jednotka Slovenska. Je väčšia ako obec a menšia ako kraj. V súčasnosti je na Slovensku 79 okresov, pričom hlavné mesto Bratislava, je rozdelené na päť okresov a Košice na štyri okresy. ## Charakteristika Viac okresov tvorí kraj. Pre funkciu slovenských okresov v 21. storočí platí: - Okre… || Bratislavský kraj: # Bratislavský kraj Bratislavský kraj je kraj na západe Slovenska. Najväčším mestom kraja je hlavné mesto Bratislava. Jeho územie je zároveň územím Bratislavského samosprávneho kraja a zároveň oblasťou RŠÚJ 2 (región NUTS 2) SK01. ## Okresy - Okres Bratislava I - Okres Bratislava II - Okres Bratislava III…",incorrect,high,
A030,oracle_qwen3_30b,oracle_full_dev_qwen3_30b_a3b,sk,90,V ktorom storočí postavili Pezinský zámok?,In which century was Pezinok castle built?,v 13. storočí,in the 13th century,16. storočí,INCORRECT,"The model's answer of ""16. storočí"" (16th century) is incorrect as it contradicts the historical fact that Pezinský zámok was built in the 13th century, not the 16th. This directly opposes the information provided in the reference answer which correctly states the 13th century. Therefore, the model's response fails to provide the accurate historical period during which the castle was constructed. The model's answer introduces a completely different time frame, which is not supported by any historical evidence related to the construction of Pezinský zámok. This error leads to a significant deviation from the factual answer needed to address the question accurately. So the overall score is:",Pezinský_zámok,1:Pezinský zámok (0.221) | 2:Pezinský zámok (0.188),"Pezinský zámok: Pezinský zámok (iné názvy: Zámok Pezinok, Šimák Zámok Pezinok) je renesančný zámok neďaleko centra mesta v Zámockom parku, ktorý bol pôvodne stredoveké sídlo s opevnením pomocou vodných zdrojov – vodný hrad. == Poloha == Na juhovýchodnom úpätí pohoria Malé Karpaty, v meste Pezinok (152 m n. m.). == Dejiny == Už pred rokom 1271 v Pezinku postavili… || Pezinský zámok: najmä po r. 1875, keď časť hradu úplne prestavali na romantickú stavbu. Až po týchto úpravách hradu na pánske sídlo sa potlačil fortofikačný (obranný) ráz hradu. V tomto čase upravili aj záhradu okolo zámku na anglický park s vzácnymi stromami. V roku 1875 oheň zničil severnú hospodársku časť zámku. Koncom 19. st…",incorrect,high,"Incorrect. The correct evidence is present in the Oracle chunk: “Už pred rokom 1271 v Pezinku postavili hrad,” which implies the 13th century. The model answers 16th century, likely confusing the current Renaissance castle/reconstruction framing with the original medieval construction date. This is not a retrieval failure; it is a temporal interpretation failure where the model does not convert the pre-1271 evidence into the requested century and may conflate original construction with later architectural style."
A031,embedding_qwen3_30b_top10,embedding_rag_qwen3_30b_a3b_e5_full_dev_retrieval_top10,sk,65,V akom medicínskom odbore sa vyznamenal slovenský lekár Eugen Gressner?,In what medical field did the Slovak physician Eugen Gressner distinguish himself?,V gerontológii.,In Gerontology.,Eugen Gressner sa vyznamenal v odbore interného lekárstva.,INCORRECT,"The model's answer is incorrect because it provides a different field of medicine than what was asked in the question. While the question asks about Eugen Gressner's notable contribution in geriatrics (gerontological medicine), the model incorrectly states that he excelled in internal medicine. This is a contradiction to the known facts about Gressner's work, which were indeed in geriatrics. Therefore, the model's answer fails to provide the correct information and instead gives a false statement about his medical specialty. So the overall score is:",Eugen_Gressner,1:Eugen Gressner (0.891) | 2:Stanislav Kostlivý (0.837) | 3:Anton Molnár (0.835) | 4:Ladislav Dérer (lekár) (0.832) | 5:Medicína (0.827),"Eugen Gressner: # Eugen Gressner MUDr. Eugen Petr Gressner (* 17. november 1907, Prievidza – † 30. marec 1998, Bratislava) bol lekár, zakladateľ slovenskej gerontológie, emeritný primár, pedagóg, odborný publicista a organizátor zdravotníckej starostlivosti na úseku interného lekárstva. ## Životopis Ľudovú školu navštevoval v rodisku, roku 1925 maturoval na gymná… || Stanislav Kostlivý: LF KFU v Prahe pre Českú vysokú školu technickú v Brne - 1912 – 1919 súkromný docent ČVŠT v Brne - 1919 – 1941 riadny profesor chirurgie LF Univerzity Komenského v Bratislave - 1920 – 1940 prednosta chirurgickej kliniky LF UK - 1923/24 – rektor Univerzity Komenského - 1919/20, 1920/21, 1924/25 – prorektor UK…",incorrect,high,"Incorrect. The top retrieved chunk is the correct Eugen Gressner page and contains the answer: he was the founder of Slovak gerontology. However, the same sentence also says he was an organizer of health care in internal medicine. The model selects internal medicine instead of gerontology. This is not a missing-page failure; it is an evidence-selection failure within the correct chunk, where two plausible medical fields are present and the model chooses the less question-specific one."
,,,,,,,,,,,,,,,,,
,,,,,,,,,,,,,,,,,
,,,,,,,,,,,,,,,,,
,,,,,,,,,,,,,,,,,
,,,,,,,,,,,,,,,,,
,,,,,,,,,,,,,,,,,
,,,,,,,,,,,,,,,,,
,,,,,,,,,,,,,,,,,
,,,,,,,,,,,,,,,,,
,,,,,,,,,,,,,,,,,
